Temperature,Pressure,Humidity,1.0 std,2.5 std,10 std,1.0 atm,2.5 atm,10 atm,Date,Time
0,0,0,0,0,0,0,0,0,08/15/24,20:16:18
-475,67975,-30308,0,0,0,0,0,0,08/15/24,20:16:19
1145,101269,-30139,60,90,118,45,69,96,08/15/24,20:16:20
1146,101271,-30145,60,90,118,45,69,96,08/15/24,20:16:21
1146,101271,-30145,57,85,112,43,66,93,08/15/24,20:16:22
1145,101269,-30145,57,85,112,43,66,93,08/15/24,20:16:23
1143,101269,-30157,54,81,108,42,64,91,08/15/24,20:16:24
1143,101269,-30146,54,81,108,42,64,91,08/15/24,20:16:25
1146,101271,-30145,51,78,103,42,63,88,08/15/24,20:16:26
1148,101271,-30127,51,78,103,42,63,88,08/15/24,20:16:27
1147,101272,-30116,49,75,99,40,61,85,08/15/24,20:16:28
1147,101271,-30116,49,75,99,40,61,85,08/15/24,20:16:29
1148,101270,-30116,48,72,96,40,60,84,08/15/24,20:16:30
1150,101269,-30127,48,72,96,40,60,84,08/15/24,20:16:31
1155,101272,-30132,46,69,93,39,58,82,08/15/24,20:16:32
1157,101272,-30137,46,69,93,39,58,82,08/15/24,20:16:33
1157,101271,-30143,45,66,88,39,57,79,08/15/24,20:16:34
1159,101271,-30126,45,66,88,39,57,79,08/15/24,20:16:35
1159,101272,-30120,43,63,85,37,55,78,08/15/24,20:16:36
1157,101274,-30126,43,63,85,37,55,78,08/15/24,20:16:37
1157,101272,-30132,43,63,85,37,55,78,08/15/24,20:16:38
1160,101272,-30132,42,61,82,36,54,76,08/15/24,20:16:39
1162,101271,-30148,42,61,82,36,54,76,08/15/24,20:16:40
1162,101270,-30165,40,58,79,36,52,75,08/15/24,20:16:41
1164,101269,-30171,40,58,79,36,52,75,08/15/24,20:16:42
1169,101271,-30210,39,57,78,34,52,73,08/15/24,20:16:43
1175,101274,-30232,39,57,78,34,52,73,08/15/24,20:16:44
1179,101272,-30254,37,55,75,34,51,72,08/15/24,20:16:45
1183,101270,-30281,37,55,75,34,51,72,08/15/24,20:16:46
1185,101272,-30304,36,52,72,33,49,70,08/15/24,20:16:47
1189,101272,-30338,36,52,72,33,49,70,08/15/24,20:16:48
1190,101271,-30365,36,51,69,33,48,67,08/15/24,20:16:49
1195,101275,-30399,36,51,69,33,48,67,08/15/24,20:16:50
1193,101269,-30365,34,49,67,33,48,67,08/15/24,20:16:51
1194,101277,-30365,34,49,67,33,48,67,08/15/24,20:16:52
1194,101277,-30365,34,49,66,33,48,66,08/15/24,20:16:53
1194,101276,-30353,34,49,66,33,48,66,08/15/24,20:16:54
1195,101276,-30359,33,48,64,31,46,64,08/15/24,20:16:55
1202,101274,-30392,33,48,64,31,46,64,08/15/24,20:16:56
1206,101274,-30409,33,48,63,31,46,63,08/15/24,20:16:57
1208,101272,-30471,33,48,63,31,46,63,08/15/24,20:16:58
1209,101271,-30477,33,48,63,31,46,63,08/15/24,20:16:59
1211,101272,-30482,33,48,63,31,46,63,08/15/24,20:17:00
1212,101274,-30482,33,48,63,31,46,63,08/15/24,20:17:01
1216,101274,-30527,33,48,61,31,46,61,08/15/24,20:17:02
1218,101274,-30560,33,48,61,31,46,61,08/15/24,20:17:03
1220,101271,-30566,33,46,61,31,45,61,08/15/24,20:17:04
1218,101272,-30549,33,46,61,31,45,61,08/15/24,20:17:05
1220,101272,-30537,33,46,60,31,45,60,08/15/24,20:17:06
1221,101271,-30554,33,46,60,31,45,60,08/15/24,20:17:07
1218,101272,-30560,33,48,60,31,46,60,08/15/24,20:17:08
1214,101274,-30544,33,48,60,31,46,60,08/15/24,20:17:09
1213,101274,-30544,33,49,61,31,48,61,08/15/24,20:17:10
1212,101270,-30561,33,49,61,31,48,61,08/15/24,20:17:11
1212,101269,-30556,34,51,63,33,48,63,08/15/24,20:17:12
1213,101271,-30561,34,51,63,33,48,63,08/15/24,20:17:13
1216,101271,-30566,36,52,66,33,49,66,08/15/24,20:17:14
1211,101271,-30561,36,52,66,33,49,66,08/15/24,20:17:15
1213,101274,-30590,37,55,67,34,51,67,08/15/24,20:17:16
1218,101271,-30600,37,55,67,34,51,67,08/15/24,20:17:17
1220,101271,-30617,40,58,72,36,52,70,08/15/24,20:17:18
1222,101274,-30651,40,58,72,36,52,70,08/15/24,20:17:19
1222,101272,-30691,40,58,72,36,52,70,08/15/24,20:17:20
1225,101272,-30702,43,63,75,37,55,72,08/15/24,20:17:21
1226,101270,-30707,43,63,75,37,55,72,08/15/24,20:17:22
1226,101271,-30684,46,67,79,39,58,75,08/15/24,20:17:23
1226,101272,-30679,46,67,79,39,58,75,08/15/24,20:17:24
1228,101271,-30706,49,72,85,40,60,78,08/15/24,20:17:25
1231,101270,-30724,49,72,85,40,60,78,08/15/24,20:17:26
1231,101270,-30724,52,76,90,42,63,81,08/15/24,20:17:27
1232,101272,-30724,52,76,90,42,63,81,08/15/24,20:17:28
1231,101270,-30706,57,81,96,43,64,84,08/15/24,20:17:29
1232,101272,-30741,57,81,96,43,64,84,08/15/24,20:17:30
1233,101272,-30751,60,85,100,45,66,87,08/15/24,20:17:31
1231,101269,-30735,60,85,100,45,66,87,08/15/24,20:17:32
1228,101269,-30718,64,91,106,46,69,90,08/15/24,20:17:33
1231,101269,-30701,64,91,106,46,69,90,08/15/24,20:17:34
1231,101269,-30706,69,97,112,49,72,93,08/15/24,20:17:35
1233,101272,-30706,69,97,112,49,72,93,08/15/24,20:17:36
1235,101270,-30740,73,103,120,51,73,96,08/15/24,20:17:37
1233,101270,-30768,73,103,120,51,73,96,08/15/24,20:17:38
1231,101270,-30729,78,109,127,52,76,100,08/15/24,20:17:39
1228,101272,-30718,78,109,127,52,76,100,08/15/24,20:17:40
1230,101274,-30706,82,115,135,54,78,103,08/15/24,20:17:41
1227,101274,-30706,82,115,135,54,78,103,08/15/24,20:17:42
1227,101274,-30724,82,115,135,54,78,103,08/15/24,20:17:43
1231,101271,-30746,87,123,141,57,81,105,08/15/24,20:17:44
1230,101270,-30758,87,123,141,57,81,105,08/15/24,20:17:45
1231,101270,-30781,91,129,148,60,85,108,08/15/24,20:17:46
1230,101270,-30763,91,129,148,60,85,108,08/15/24,20:17:47
1228,101272,-30758,96,135,156,63,90,111,08/15/24,20:17:48
1227,101271,-30752,96,135,156,63,90,111,08/15/24,20:17:49
1226,101272,-30753,100,139,162,66,93,114,08/15/24,20:17:50
1222,101275,-30753,100,139,162,66,93,114,08/15/24,20:17:51
1221,101271,-30736,103,144,168,69,96,115,08/15/24,20:17:52
1220,101270,-30765,103,144,168,69,96,115,08/15/24,20:17:53
1218,101271,-30748,105,148,172,69,99,117,08/15/24,20:17:54
1213,101274,-30726,105,148,172,69,99,117,08/15/24,20:17:55
1208,101274,-30710,108,150,175,72,99,118,08/15/24,20:17:56
1208,101275,-30722,108,150,175,72,99,118,08/15/24,20:17:57
1209,101275,-30722,108,151,178,72,100,118,08/15/24,20:17:58
1209,101274,-30716,108,151,178,72,100,118,08/15/24,20:17:59
1208,101274,-30687,108,151,178,72,100,118,08/15/24,20:18:00
1206,101275,-30682,108,151,178,72,100,118,08/15/24,20:18:01
1198,101274,-30655,108,151,178,72,100,118,08/15/24,20:18:02
1192,101269,-30627,108,151,178,72,100,118,08/15/24,20:18:03
1190,101271,-30610,108,151,178,72,100,118,08/15/24,20:18:04
1192,101271,-30627,106,150,177,70,99,118,08/15/24,20:18:05
1192,101270,-30633,106,150,177,70,99,118,08/15/24,20:18:06
1190,101270,-30633,105,147,175,69,97,118,08/15/24,20:18:07
1189,101270,-30611,105,147,175,69,97,118,08/15/24,20:18:08
1185,101272,-30594,103,145,172,69,96,117,08/15/24,20:18:09
1179,101272,-30584,103,145,172,69,96,117,08/15/24,20:18:10
1175,101274,-30584,100,142,169,66,94,115,08/15/24,20:18:11
1174,101274,-30584,100,142,169,66,94,115,08/15/24,20:18:12
1175,101274,-30590,99,139,165,66,93,114,08/15/24,20:18:13
1174,101274,-30590,99,139,165,66,93,114,08/15/24,20:18:14
1173,101270,-30596,96,135,160,63,90,112,08/15/24,20:18:15
1167,101272,-30602,96,135,160,63,90,112,08/15/24,20:18:16
1161,101271,-30597,93,130,156,61,87,111,08/15/24,20:18:17
1150,101269,-30599,93,130,156,61,87,111,08/15/24,20:18:18
1148,101270,-30611,90,127,150,60,84,109,08/15/24,20:18:19
1151,101270,-30616,90,127,150,60,84,109,08/15/24,20:18:20
1147,101271,-30622,87,123,145,57,81,108,08/15/24,20:18:21
1145,101269,-30617,87,123,145,57,81,108,08/15/24,20:18:22
1142,101269,-30607,84,118,141,55,79,105,08/15/24,20:18:23
1137,101270,-30595,84,118,141,55,79,105,08/15/24,20:18:24
1134,101269,-30579,84,118,141,55,79,105,08/15/24,20:18:25
1131,101269,-30534,79,114,135,52,78,103,08/15/24,20:18:26
1128,101270,-30540,79,114,135,52,78,103,08/15/24,20:18:27
1124,101267,-30518,76,109,130,51,76,100,08/15/24,20:18:28
1120,101268,-30490,76,109,130,51,76,100,08/15/24,20:18:29
1117,101268,-30479,73,105,126,51,75,99,08/15/24,20:18:30
1118,101269,-30485,73,105,126,51,75,99,08/15/24,20:18:31
1110,101269,-30491,70,100,120,49,72,96,08/15/24,20:18:32
1108,101269,-30492,70,100,120,49,72,96,08/15/24,20:18:33
1106,101270,-30481,67,96,115,48,70,94,08/15/24,20:18:34
1103,101270,-30459,67,96,115,48,70,94,08/15/24,20:18:35
1099,101271,-30448,64,93,111,46,69,93,08/15/24,20:18:36
1096,101268,-30426,64,93,111,46,69,93,08/15/24,20:18:37
1096,101269,-30398,63,88,108,46,67,91,08/15/24,20:18:38
1092,101269,-30369,63,88,108,46,67,91,08/15/24,20:18:39
1087,101272,-30330,60,85,103,45,66,88,08/15/24,20:18:40
1086,101269,-30314,60,85,103,45,66,88,08/15/24,20:18:41
1085,101270,-30314,57,82,100,43,66,87,08/15/24,20:18:42
1082,101269,-30297,57,82,100,43,66,87,08/15/24,20:18:43
1077,101269,-30303,55,79,97,43,64,85,08/15/24,20:18:44
1076,101270,-30304,55,79,97,43,64,85,08/15/24,20:18:45
1076,101270,-30315,55,79,97,43,64,85,08/15/24,20:18:46
1073,101269,-30270,54,78,94,42,63,84,08/15/24,20:18:47
1071,101270,-30254,54,78,94,42,63,84,08/15/24,20:18:48
1067,101269,-30231,52,75,93,42,61,82,08/15/24,20:18:49
1065,101271,-30220,52,75,93,42,61,82,08/15/24,20:18:50
1063,101272,-30215,52,73,91,42,61,82,08/15/24,20:18:51
1062,101272,-30261,52,73,91,42,61,82,08/15/24,20:18:52
1058,101272,-30181,51,72,90,42,60,81,08/15/24,20:18:53
1054,101269,-30142,51,72,90,42,60,81,08/15/24,20:18:54
1052,101269,-30137,49,72,88,40,60,79,08/15/24,20:18:55
1051,101272,-30137,49,72,88,40,60,79,08/15/24,20:18:56
1049,101272,-30143,49,70,87,40,60,79,08/15/24,20:18:57
1047,101270,-30131,49,70,87,40,60,79,08/15/24,20:18:58
1044,101269,-30132,48,69,87,40,58,79,08/15/24,20:18:59
1042,101269,-30127,48,69,87,40,58,79,08/15/24,20:19:00
1035,101269,-30088,48,69,85,40,58,78,08/15/24,20:19:01
1034,101270,-30083,48,69,85,40,58,78,08/15/24,20:19:02
1035,101271,-30094,46,67,84,39,58,78,08/15/24,20:19:03
1033,101271,-30066,46,67,84,39,58,78,08/15/24,20:19:04
1026,101269,-30021,45,67,82,39,58,76,08/15/24,20:19:05
1023,101271,-29988,45,67,82,39,58,76,08/15/24,20:19:06
1019,101270,-29960,45,67,82,39,58,76,08/15/24,20:19:07
1016,101271,-29961,45,66,81,39,57,75,08/15/24,20:19:08
1014,101272,-29933,45,66,81,39,57,75,08/15/24,20:19:09
1011,101272,-29916,43,64,81,37,57,75,08/15/24,20:19:10
1007,101270,-29934,43,64,81,37,57,75,08/15/24,20:19:11
1005,101271,-29906,43,64,79,37,57,75,08/15/24,20:19:12
1000,101270,-29884,43,64,79,37,57,75,08/15/24,20:19:13
999,101270,-29884,43,64,79,37,57,75,08/15/24,20:19:14
997,101271,-29890,43,64,79,37,57,75,08/15/24,20:19:15
995,101272,-29868,43,64,79,37,57,75,08/15/24,20:19:16
992,101272,-29840,43,64,79,37,57,75,08/15/24,20:19:17
991,101274,-29817,43,64,81,37,57,75,08/15/24,20:19:18
990,101268,-29817,43,64,81,37,57,75,08/15/24,20:19:19
977,101268,-29733,45,67,82,39,58,76,08/15/24,20:19:20
973,101269,-29689,45,67,82,39,58,76,08/15/24,20:19:21
973,101269,-29729,46,69,85,39,58,78,08/15/24,20:19:22
968,101269,-29718,46,69,85,39,58,78,08/15/24,20:19:23
964,101269,-29719,48,72,88,40,60,79,08/15/24,20:19:24
964,101270,-29730,48,72,88,40,60,79,08/15/24,20:19:25
964,101269,-29724,49,75,91,40,61,82,08/15/24,20:19:26
961,101268,-29702,49,75,91,40,61,82,08/15/24,20:19:27
957,101269,-29629,49,75,91,40,61,82,08/15/24,20:19:28
955,101270,-29652,51,78,96,42,63,84,08/15/24,20:19:29
955,101271,-29641,51,78,96,42,63,84,08/15/24,20:19:30
953,101271,-29630,54,81,99,42,64,85,08/15/24,20:19:31
950,101269,-29624,54,81,99,42,64,85,08/15/24,20:19:32
950,101269,-29647,57,85,105,43,66,90,08/15/24,20:19:33
948,101270,-29653,57,85,105,43,66,90,08/15/24,20:19:34
944,101271,-29636,60,91,109,45,69,91,08/15/24,20:19:35
942,101269,-29649,60,91,109,45,69,91,08/15/24,20:19:36
940,101269,-29671,63,96,115,46,70,94,08/15/24,20:19:37
940,101270,-29700,63,96,115,46,70,94,08/15/24,20:19:38
940,101270,-29728,66,100,120,48,72,96,08/15/24,20:19:39
936,101271,-29730,66,100,120,48,72,96,08/15/24,20:19:40
933,101269,-29707,69,105,124,49,75,99,08/15/24,20:19:41
929,101269,-29708,69,105,124,49,75,99,08/15/24,20:19:42
926,101270,-29714,73,111,130,51,76,100,08/15/24,20:19:43
926,101270,-29720,73,111,130,51,76,100,08/15/24,20:19:44
924,101272,-29708,78,117,138,52,78,105,08/15/24,20:19:45
921,101270,-29714,78,117,138,52,78,105,08/15/24,20:19:46
917,101270,-29698,82,123,145,54,81,108,08/15/24,20:19:47
907,101269,-29682,82,123,145,54,81,108,08/15/24,20:19:48
905,101269,-29689,85,129,153,57,85,109,08/15/24,20:19:49
905,101269,-29689,85,129,153,57,85,109,08/15/24,20:19:50
901,101268,-29672,85,129,153,57,85,109,08/15/24,20:19:51
897,101269,-29655,90,133,159,60,88,112,08/15/24,20:19:52
898,101269,-29650,90,133,159,60,88,112,08/15/24,20:19:53
897,101269,-29610,93,139,165,61,93,114,08/15/24,20:19:54
893,101268,-29594,93,139,165,61,93,114,08/15/24,20:19:55
888,101269,-29566,96,144,171,63,96,117,08/15/24,20:19:56
887,101269,-29549,96,144,171,63,96,117,08/15/24,20:19:57
887,101269,-29543,99,147,174,66,97,117,08/15/24,20:19:58
887,101270,-29549,99,147,174,66,97,117,08/15/24,20:19:59
887,101270,-29526,100,150,178,66,99,118,08/15/24,20:20:00
883,101269,-29505,100,150,178,66,99,118,08/15/24,20:20:01
882,101269,-29522,102,153,180,67,102,120,08/15/24,20:20:02
881,101270,-29505,102,153,180,67,102,120,08/15/24,20:20:03
875,101272,-29460,103,154,181,69,102,120,08/15/24,20:20:04
873,101270,-29455,103,154,181,69,102,120,08/15/24,20:20:05
872,101271,-29438,103,153,180,69,102,120,08/15/24,20:20:06
864,101270,-29422,103,153,180,69,102,120,08/15/24,20:20:07
862,101271,-29411,102,151,177,67,100,118,08/15/24,20:20:08
862,101270,-29423,102,151,177,67,100,118,08/15/24,20:20:09
860,101272,-29417,100,150,174,66,99,117,08/15/24,20:20:10
856,101272,-29407,100,150,174,66,99,117,08/15/24,20:20:11
853,101269,-29390,100,150,174,66,99,117,08/15/24,20:20:12
853,101270,-29413,99,145,168,66,96,115,08/15/24,20:20:13
849,101272,-29368,99,145,168,66,96,115,08/15/24,20:20:14
848,101271,-29374,96,142,163,63,94,114,08/15/24,20:20:15
846,101272,-29375,96,142,163,63,94,114,08/15/24,20:20:16
844,101268,-29369,93,138,157,61,91,112,08/15/24,20:20:17
841,101269,-29341,93,138,157,61,91,112,08/15/24,20:20:18
836,101268,-29325,90,133,151,60,88,109,08/15/24,20:20:19
837,101270,-29319,90,133,151,60,88,109,08/15/24,20:20:20
836,101268,-29337,85,127,145,57,84,108,08/15/24,20:20:21
829,101270,-29286,85,127,145,57,84,108,08/15/24,20:20:22
823,101269,-29270,82,121,139,54,81,105,08/15/24,20:20:23
820,101270,-29265,82,121,139,54,81,105,08/15/24,20:20:24
818,101270,-29259,78,117,133,52,78,102,08/15/24,20:20:25
814,101269,-29226,78,117,133,52,78,102,08/15/24,20:20:26
812,101269,-29204,75,111,127,51,76,100,08/15/24,20:20:27
809,101269,-29181,75,111,127,51,76,100,08/15/24,20:20:28
809,101271,-29187,72,106,123,49,75,97,08/15/24,20:20:29
807,101269,-29187,72,106,123,49,75,97,08/15/24,20:20:30
803,101269,-29211,69,102,117,49,73,94,08/15/24,20:20:31
800,101270,-29211,69,102,117,49,73,94,08/15/24,20:20:32
802,101271,-29211,69,102,117,49,73,94,08/15/24,20:20:33
802,101270,-29211,66,97,112,48,72,93,08/15/24,20:20:34
799,101272,-29195,66,97,112,48,72,93,08/15/24,20:20:35
795,101270,-29178,63,94,108,46,70,91,08/15/24,20:20:36
794,101271,-29189,63,94,108,46,70,91,08/15/24,20:20:37
792,101270,-29156,61,90,105,46,69,90,08/15/24,20:20:38
790,101270,-29162,61,90,105,46,69,90,08/15/24,20:20:39
789,101272,-29151,58,87,100,45,67,87,08/15/24,20:20:40
787,101269,-29134,58,87,100,45,67,87,08/15/24,20:20:41
784,101270,-29117,57,84,97,43,66,85,08/15/24,20:20:42
779,101272,-29085,57,84,97,43,66,85,08/15/24,20:20:43
775,101269,-29096,55,82,94,43,66,84,08/15/24,20:20:44
774,101269,-29079,55,82,94,43,66,84,08/15/24,20:20:45
774,101269,-29062,54,79,91,42,64,82,08/15/24,20:20:46
773,101269,-29080,54,79,91,42,64,82,08/15/24,20:20:47
769,101268,-29012,51,76,88,42,63,79,08/15/24,20:20:48
766,101269,-28990,51,76,88,42,63,79,08/15/24,20:20:49
759,101268,-28940,49,73,85,40,61,78,08/15/24,20:20:50
756,101269,-28935,49,73,85,40,61,78,08/15/24,20:20:51
751,101270,-28895,48,70,82,40,60,76,08/15/24,20:20:52
746,101271,-28891,48,70,82,40,60,76,08/15/24,20:20:53
742,101271,-28886,48,70,82,40,60,76,08/15/24,20:20:54
742,101271,-28903,46,69,81,39,58,75,08/15/24,20:20:55
741,101270,-28915,46,69,81,39,58,75,08/15/24,20:20:56
741,101271,-28926,45,66,78,39,57,73,08/15/24,20:20:57
740,101269,-28932,45,66,78,39,57,73,08/15/24,20:20:58
738,101270,-28932,42,64,75,36,57,72,08/15/24,20:20:59
734,101271,-28887,42,64,75,36,57,72,08/15/24,20:21:00
732,101271,-28882,40,61,73,36,54,70,08/15/24,20:21:01
732,101274,-28877,40,61,73,36,54,70,08/15/24,20:21:02
728,101271,-28843,39,60,70,34,54,69,08/15/24,20:21:03
726,101271,-28849,39,60,70,34,54,69,08/15/24,20:21:04
727,101271,-28848,37,57,69,34,52,67,08/15/24,20:21:05
721,101270,-28838,37,57,69,34,52,67,08/15/24,20:21:06
718,101271,-28827,36,55,66,33,51,66,08/15/24,20:21:07
717,101271,-28838,36,55,66,33,51,66,08/15/24,20:21:08
714,101272,-28839,34,54,64,33,49,64,08/15/24,20:21:09
713,101274,-28846,34,54,64,33,49,64,08/15/24,20:21:10
710,101272,-28840,33,52,63,31,49,63,08/15/24,20:21:11
710,101272,-28840,33,52,63,31,49,63,08/15/24,20:21:12
710,101272,-28851,31,51,60,30,48,60,08/15/24,20:21:13
708,101272,-28841,31,51,60,30,48,60,08/15/24,20:21:14
705,101274,-28790,30,49,58,30,48,58,08/15/24,20:21:15
703,101274,-28790,30,49,58,30,48,58,08/15/24,20:21:16
698,101269,-28780,30,49,58,30,48,58,08/15/24,20:21:17
696,101269,-28774,30,48,57,30,46,57,08/15/24,20:21:18
693,101270,-28769,30,48,57,30,46,57,08/15/24,20:21:19
691,101269,-28775,28,46,55,28,45,55,08/15/24,20:21:20
691,101269,-28769,28,46,55,28,45,55,08/15/24,20:21:21
690,101269,-28781,28,45,54,28,45,54,08/15/24,20:21:22
690,101269,-28775,28,45,54,28,45,54,08/15/24,20:21:23
688,101271,-28770,27,43,52,27,43,52,08/15/24,20:21:24
686,101271,-28765,27,43,52,27,43,52,08/15/24,20:21:25
684,101270,-28765,27,42,51,27,42,51,08/15/24,20:21:26
677,101270,-28755,27,42,51,27,42,51,08/15/24,20:21:27
674,101272,-28750,27,42,51,27,42,51,08/15/24,20:21:28
671,101270,-28738,27,42,51,27,42,51,08/15/24,20:21:29
670,101271,-28716,25,40,49,25,40,49,08/15/24,20:21:30
667,101271,-28699,25,40,49,25,40,49,08/15/24,20:21:31
663,101269,-28712,25,39,48,25,39,48,08/15/24,20:21:32
660,101271,-28707,25,39,48,25,39,48,08/15/24,20:21:33
660,101272,-28701,25,39,46,25,39,46,08/15/24,20:21:34
661,101272,-28695,25,39,46,25,39,46,08/15/24,20:21:35
658,101272,-28695,24,37,45,24,37,45,08/15/24,20:21:36
656,101271,-28656,24,37,45,24,37,45,08/15/24,20:21:37
654,101271,-28594,24,37,45,24,37,45,08/15/24,20:21:38
653,101269,-28578,24,36,43,24,36,43,08/15/24,20:21:39
651,101270,-28572,24,36,43,24,36,43,08/15/24,20:21:40
649,101271,-28527,22,36,43,22,36,43,08/15/24,20:21:41
647,101272,-28487,22,36,43,22,36,43,08/15/24,20:21:42
644,101274,-28414,22,36,42,22,36,42,08/15/24,20:21:43
643,101270,-28432,22,36,42,22,36,42,08/15/24,20:21:44
641,101270,-28438,22,34,40,22,34,40,08/15/24,20:21:45
641,101271,-28455,22,34,40,22,34,40,08/15/24,20:21:46
638,101271,-28432,22,34,40,22,34,40,08/15/24,20:21:47
635,101272,-28393,22,34,40,22,34,40,08/15/24,20:21:48
633,101269,-28377,21,33,39,21,33,39,08/15/24,20:21:49
629,101269,-28366,21,33,39,21,33,39,08/15/24,20:21:50
630,101269,-28377,21,33,37,21,33,37,08/15/24,20:21:51
629,101270,-28383,21,33,37,21,33,37,08/15/24,20:21:52
628,101270,-28400,19,31,36,19,31,36,08/15/24,20:21:53
627,101271,-28395,19,31,36,19,31,36,08/15/24,20:21:54
625,101272,-28395,18,31,33,18,31,33,08/15/24,20:21:55
623,101269,-28390,18,31,33,18,31,33,08/15/24,20:21:56
619,101269,-28374,18,30,31,18,30,31,08/15/24,20:21:57
615,101268,-28385,18,30,31,18,30,31,08/15/24,20:21:58
614,101268,-28396,18,30,31,18,30,31,08/15/24,20:21:59
614,101269,-28402,16,28,30,16,28,30,08/15/24,20:22:00
610,101269,-28408,16,28,30,16,28,30,08/15/24,20:22:01
610,101269,-28425,15,27,28,15,27,28,08/15/24,20:22:02
609,101269,-28420,15,27,28,15,27,28,08/15/24,20:22:03
608,101271,-28432,13,25,27,13,25,27,08/15/24,20:22:04
608,101271,-28432,13,25,27,13,25,27,08/15/24,20:22:05
606,101272,-28461,12,24,24,12,24,24,08/15/24,20:22:06
606,101272,-28444,12,24,24,12,24,24,08/15/24,20:22:07
601,101270,-28433,10,22,22,10,22,22,08/15/24,20:22:08
601,101270,-28421,10,22,22,10,22,22,08/15/24,20:22:09
599,101272,-28394,9,21,21,9,21,21,08/15/24,20:22:10
594,101270,-28360,9,21,21,9,21,21,08/15/24,20:22:11
590,101274,-28344,7,19,19,7,19,19,08/15/24,20:22:12
587,101274,-28299,7,19,19,7,19,19,08/15/24,20:22:13
585,101272,-28311,6,18,18,6,18,18,08/15/24,20:22:14
582,101271,-28317,6,18,18,6,18,18,08/15/24,20:22:15
581,101271,-28322,4,16,16,4,16,16,08/15/24,20:22:16
578,101272,-28323,4,16,16,4,16,16,08/15/24,20:22:17
577,101274,-28346,4,15,15,4,15,15,08/15/24,20:22:18
577,101272,-28357,4,15,15,4,15,15,08/15/24,20:22:19
576,101270,-28352,4,15,15,4,15,15,08/15/24,20:22:20
572,101272,-28342,3,13,13,3,13,13,08/15/24,20:22:21
568,101274,-28353,3,13,13,3,13,13,08/15/24,20:22:22
569,101275,-28364,1,12,12,1,12,12,08/15/24,20:22:23
569,101272,-28387,1,12,12,1,12,12,08/15/24,20:22:24
566,101269,-28422,1,12,12,1,12,12,08/15/24,20:22:25
559,101270,-28366,1,12,12,1,12,12,08/15/24,20:22:26
558,101271,-28355,0,10,12,0,10,12,08/15/24,20:22:27
558,101271,-28366,0,10,12,0,10,12,08/15/24,20:22:28
558,101270,-28355,0,9,10,0,9,10,08/15/24,20:22:29
555,101269,-28361,0,9,10,0,9,10,08/15/24,20:22:30
553,101269,-28362,0,7,10,0,7,10,08/15/24,20:22:31
549,101270,-28328,0,7,10,0,7,10,08/15/24,20:22:32
549,101272,-28345,0,7,10,0,7,10,08/15/24,20:22:33
548,101269,-28345,0,7,10,0,7,10,08/15/24,20:22:34
548,101269,-28357,0,6,10,0,6,10,08/15/24,20:22:35
544,101269,-28328,0,6,10,0,6,10,08/15/24,20:22:36
540,101270,-28324,0,6,10,0,6,10,08/15/24,20:22:37
536,101269,-28319,0,6,10,0,6,10,08/15/24,20:22:38
536,101268,-28307,0,4,10,0,4,10,08/15/24,20:22:39
535,101269,-28285,0,4,10,0,4,10,08/15/24,20:22:40
533,101270,-28285,0,4,10,0,4,10,08/15/24,20:22:41
533,101270,-28297,0,4,10,0,4,10,08/15/24,20:22:42
530,101272,-28291,0,4,10,0,4,10,08/15/24,20:22:43
528,101269,-28309,0,4,10,0,4,10,08/15/24,20:22:44
525,101269,-28321,0,4,10,0,4,10,08/15/24,20:22:45
524,101269,-28321,0,3,10,0,3,10,08/15/24,20:22:46
522,101271,-28332,0,3,10,0,3,10,08/15/24,20:22:47
521,101272,-28338,0,3,9,0,3,9,08/15/24,20:22:48
520,101274,-28344,0,3,9,0,3,9,08/15/24,20:22:49
520,101274,-28356,0,3,9,0,3,9,08/15/24,20:22:50
520,101274,-28361,0,3,9,0,3,9,08/15/24,20:22:51
519,101270,-28361,0,3,9,0,3,9,08/15/24,20:22:52
516,101270,-28357,0,3,9,0,3,9,08/15/24,20:22:53
512,101272,-28340,0,3,9,0,3,9,08/15/24,20:22:54
510,101274,-28335,0,3,9,0,3,9,08/15/24,20:22:55
511,101272,-28340,0,3,7,0,3,7,08/15/24,20:22:56
510,101271,-28357,0,3,7,0,3,7,08/15/24,20:22:57
508,101270,-28363,0,3,7,0,3,7,08/15/24,20:22:58
507,101271,-28363,0,3,7,0,3,7,08/15/24,20:22:59
505,101271,-28369,0,3,6,0,3,6,08/15/24,20:23:00
505,101271,-28375,0,3,6,0,3,6,08/15/24,20:23:01
502,101272,-28375,0,3,6,0,3,6,08/15/24,20:23:02
502,101274,-28381,0,3,6,0,3,6,08/15/24,20:23:03
496,101269,-28399,0,3,6,0,3,6,08/15/24,20:23:04
495,101269,-28405,0,3,6,0,3,6,08/15/24,20:23:05
493,101269,-28400,0,3,6,0,3,6,08/15/24,20:23:06
492,101271,-28406,0,1,6,0,1,6,08/15/24,20:23:07
492,101270,-28417,0,1,6,0,1,6,08/15/24,20:23:08
492,101272,-28417,0,1,6,0,1,6,08/15/24,20:23:09
489,101269,-28428,0,1,6,0,1,6,08/15/24,20:23:10
489,101269,-28406,0,1,4,0,1,4,08/15/24,20:23:11
488,101271,-28383,0,1,4,0,1,4,08/15/24,20:23:12
487,101269,-28372,0,1,4,0,1,4,08/15/24,20:23:13
487,101269,-28366,0,1,4,0,1,4,08/15/24,20:23:14
483,101271,-28356,0,1,4,0,1,4,08/15/24,20:23:15
480,101269,-28339,0,1,4,0,1,4,08/15/24,20:23:16
483,101271,-28351,0,1,3,0,1,3,08/15/24,20:23:17
480,101269,-28351,0,1,3,0,1,3,08/15/24,20:23:18
478,101271,-28345,0,0,3,0,0,3,08/15/24,20:23:19
473,101275,-28296,0,0,3,0,0,3,08/15/24,20:23:20
468,101272,-28279,0,0,3,0,0,3,08/15/24,20:23:21
467,101272,-28285,0,0,3,0,0,3,08/15/24,20:23:22
469,101274,-28279,0,0,1,0,0,1,08/15/24,20:23:23
469,101275,-28274,0,0,1,0,0,1,08/15/24,20:23:24
468,101275,-28296,0,0,1,0,0,1,08/15/24,20:23:25
467,101274,-28308,0,0,1,0,0,1,08/15/24,20:23:26
465,101272,-28302,0,0,1,0,0,1,08/15/24,20:23:27
460,101272,-28257,0,0,0,0,0,0,08/15/24,20:23:28
456,101274,-28213,0,0,0,0,0,0,08/15/24,20:23:29
456,101274,-28196,0,0,0,0,0,0,08/15/24,20:23:30
454,101275,-28168,0,0,0,0,0,0,08/15/24,20:23:31
453,101276,-28151,0,0,0,0,0,0,08/15/24,20:23:32
451,101271,-28135,0,0,0,0,0,0,08/15/24,20:23:33
447,101272,-28130,0,0,0,0,0,0,08/15/24,20:23:34
447,101275,-28130,0,0,0,0,0,0,08/15/24,20:23:35
446,101275,-28096,0,0,0,0,0,0,08/15/24,20:23:36
445,101275,-28118,0,0,0,0,0,0,08/15/24,20:23:37
445,101275,-28113,0,0,0,0,0,0,08/15/24,20:23:38
445,101276,-28107,0,0,0,0,0,0,08/15/24,20:23:39
445,101276,-28113,0,0,0,0,0,0,08/15/24,20:23:40
441,101272,-28147,0,0,0,0,0,0,08/15/24,20:23:41
441,101274,-28170,0,1,1,0,1,1,08/15/24,20:23:42
440,101274,-28154,0,1,1,0,1,1,08/15/24,20:23:43
440,101272,-28114,0,1,1,0,1,1,08/15/24,20:23:44
437,101272,-28086,0,1,1,0,1,1,08/15/24,20:23:45
436,101276,-28070,0,1,1,0,1,1,08/15/24,20:23:46
433,101275,-28092,0,1,1,0,1,1,08/15/24,20:23:47
432,101272,-28075,0,1,1,0,1,1,08/15/24,20:23:48
431,101274,-28047,0,1,1,0,1,1,08/15/24,20:23:49
430,101274,-28031,0,1,1,0,1,1,08/15/24,20:23:50
427,101276,-28014,0,1,1,0,1,1,08/15/24,20:23:51
425,101278,-28009,0,1,1,0,1,1,08/15/24,20:23:52
425,101277,-28032,0,1,1,0,1,1,08/15/24,20:23:53
423,101276,-28026,0,1,1,0,1,1,08/15/24,20:23:54
422,101270,-28037,0,1,1,0,1,1,08/15/24,20:23:55
422,101271,-28049,0,1,1,0,1,1,08/15/24,20:23:56
421,101271,-28071,0,1,1,0,1,1,08/15/24,20:23:57
420,101272,-28083,0,1,1,0,1,1,08/15/24,20:23:58
417,101272,-28015,0,0,1,0,0,1,08/15/24,20:23:59
413,101269,-27949,0,0,1,0,0,1,08/15/24,20:24:00
409,101272,-27921,0,0,1,0,0,1,08/15/24,20:24:01
407,101275,-27898,0,0,1,0,0,1,08/15/24,20:24:02
404,101276,-27905,0,0,1,0,0,1,08/15/24,20:24:03
403,101272,-27883,0,0,1,0,0,1,08/15/24,20:24:04
402,101272,-27917,0,0,3,0,0,3,08/15/24,20:24:05
399,101272,-27866,0,0,3,0,0,3,08/15/24,20:24:06
397,101276,-27854,0,0,3,0,0,3,08/15/24,20:24:07
395,101276,-27872,0,0,3,0,0,3,08/15/24,20:24:08
395,101276,-27866,0,0,3,0,0,3,08/15/24,20:24:09
392,101275,-27845,0,0,3,0,0,3,08/15/24,20:24:10
388,101275,-27839,0,0,3,0,0,3,08/15/24,20:24:11
388,101275,-27862,0,0,3,0,0,3,08/15/24,20:24:12
387,101275,-27879,0,0,3,0,0,3,08/15/24,20:24:13
381,101271,-27863,0,1,4,0,1,4,08/15/24,20:24:14
380,101275,-27858,0,1,4,0,1,4,08/15/24,20:24:15
379,101277,-27875,0,1,4,0,1,4,08/15/24,20:24:16
378,101276,-27887,0,1,4,0,1,4,08/15/24,20:24:17
376,101276,-27864,0,1,4,0,1,4,08/15/24,20:24:18
371,101274,-27853,0,1,4,0,1,4,08/15/24,20:24:19
371,101275,-27848,0,1,4,0,1,4,08/15/24,20:24:20
371,101274,-27853,0,1,4,0,1,4,08/15/24,20:24:21
373,101274,-27859,0,3,6,0,3,6,08/15/24,20:24:22
370,101275,-27853,0,3,6,0,3,6,08/15/24,20:24:23
366,101277,-27843,0,3,6,0,3,6,08/15/24,20:24:24
366,101278,-27849,0,3,6,0,3,6,08/15/24,20:24:25
364,101274,-27843,0,3,6,0,3,6,08/15/24,20:24:26
362,101275,-27849,0,3,6,0,3,6,08/15/24,20:24:27
361,101276,-27861,0,3,6,0,3,6,08/15/24,20:24:28
360,101277,-27833,0,3,6,0,3,6,08/15/24,20:24:29
359,101278,-27822,0,3,6,0,3,6,08/15/24,20:24:30
356,101277,-27800,0,3,6,0,3,6,08/15/24,20:24:31
354,101272,-27817,0,3,6,0,3,6,08/15/24,20:24:32
354,101272,-27806,0,4,6,0,4,6,08/15/24,20:24:33
350,101275,-27772,0,4,6,0,4,6,08/15/24,20:24:34
350,101274,-27784,0,4,6,0,4,6,08/15/24,20:24:35
351,101272,-27800,0,4,6,0,4,6,08/15/24,20:24:36
350,101271,-27829,0,4,6,0,4,6,08/15/24,20:24:37
347,101274,-27750,0,4,6,0,4,6,08/15/24,20:24:38
346,101272,-27722,0,4,6,0,4,6,08/15/24,20:24:39
345,101271,-27694,0,4,6,0,4,6,08/15/24,20:24:40
342,101274,-27683,0,4,7,0,4,7,08/15/24,20:24:41
342,101274,-27705,0,4,7,0,4,7,08/15/24,20:24:42
343,101274,-27688,0,4,7,0,4,7,08/15/24,20:24:43
341,101272,-27666,0,4,7,0,4,7,08/15/24,20:24:44
338,101275,-27667,0,6,9,0,6,9,08/15/24,20:24:45
338,101275,-27672,0,6,9,0,6,9,08/15/24,20:24:46
336,101270,-27673,1,7,10,1,7,10,08/15/24,20:24:47
333,101272,-27662,1,7,10,1,7,10,08/15/24,20:24:48
332,101272,-27668,1,7,10,1,7,10,08/15/24,20:24:49
329,101274,-27657,1,9,12,1,9,12,08/15/24,20:24:50
327,101272,-27634,1,9,12,1,9,12,08/15/24,20:24:51
326,101274,-27629,3,10,13,3,10,13,08/15/24,20:24:52
326,101274,-27641,3,10,13,3,10,13,08/15/24,20:24:53
324,101272,-27652,4,12,15,4,12,15,08/15/24,20:24:54
323,101271,-27670,4,12,15,4,12,15,08/15/24,20:24:55
322,101274,-27687,6,13,16,6,13,16,08/15/24,20:24:56
317,101270,-27675,6,13,16,6,13,16,08/15/24,20:24:57
317,101272,-27681,7,16,19,7,16,19,08/15/24,20:24:58
317,101272,-27698,7,16,19,7,16,19,08/15/24,20:24:59
317,101271,-27698,9,18,21,9,18,21,08/15/24,20:25:00
318,101276,-27692,9,18,21,9,18,21,08/15/24,20:25:01
317,101274,-27704,10,21,24,10,21,24,08/15/24,20:25:02
314,101274,-27682,10,21,24,10,21,24,08/15/24,20:25:03
312,101275,-27671,12,22,25,12,22,25,08/15/24,20:25:04
310,101274,-27660,12,22,25,12,22,25,08/15/24,20:25:05
312,101274,-27666,13,24,27,13,24,27,08/15/24,20:25:06
312,101274,-27677,13,24,27,13,24,27,08/15/24,20:25:07
312,101275,-27688,13,25,28,13,25,28,08/15/24,20:25:08
309,101275,-27677,13,25,28,13,25,28,08/15/24,20:25:09
305,101272,-27627,13,25,28,13,25,28,08/15/24,20:25:10
302,101274,-27628,15,25,28,15,25,28,08/15/24,20:25:11
299,101275,-27606,15,25,28,15,25,28,08/15/24,20:25:12
298,101271,-27606,15,27,30,15,27,30,08/15/24,20:25:13
300,101275,-27616,15,27,30,15,27,30,08/15/24,20:25:14
299,101275,-27611,16,27,30,16,27,30,08/15/24,20:25:15
296,101274,-27589,16,27,30,16,27,30,08/15/24,20:25:16
291,101275,-27601,16,27,31,16,27,31,08/15/24,20:25:17
293,101275,-27595,16,27,31,16,27,31,08/15/24,20:25:18
293,101276,-27595,16,27,30,16,27,30,08/15/24,20:25:19
294,101275,-27595,16,27,30,16,27,30,08/15/24,20:25:20
293,101276,-27556,16,27,30,16,27,30,08/15/24,20:25:21
289,101277,-27523,16,27,30,16,27,30,08/15/24,20:25:22
289,101277,-27528,15,27,30,15,27,30,08/15/24,20:25:23
289,101276,-27534,15,27,30,15,27,30,08/15/24,20:25:24
289,101277,-27551,15,25,30,15,25,30,08/15/24,20:25:25
288,101271,-27489,15,25,30,15,25,30,08/15/24,20:25:26
284,101274,-27449,13,25,28,13,25,28,08/15/24,20:25:27
280,101275,-27456,13,25,28,13,25,28,08/15/24,20:25:28
281,101275,-27444,13,24,27,13,24,27,08/15/24,20:25:29
279,101271,-27439,13,24,27,13,24,27,08/15/24,20:25:30
280,101275,-27451,12,24,27,12,24,27,08/15/24,20:25:31
275,101274,-27451,12,24,27,12,24,27,08/15/24,20:25:32
271,101275,-27457,12,24,27,12,24,27,08/15/24,20:25:33
270,101276,-27469,10,22,25,10,22,25,08/15/24,20:25:34
266,101272,-27464,10,22,25,10,22,25,08/15/24,20:25:35
267,101274,-27464,9,21,24,9,21,24,08/15/24,20:25:36
266,101272,-27481,9,21,24,9,21,24,08/15/24,20:25:37
267,101272,-27514,7,19,22,7,19,22,08/15/24,20:25:38
266,101271,-27555,7,19,22,7,19,22,08/15/24,20:25:39
265,101272,-27504,7,19,22,7,19,22,08/15/24,20:25:40
260,101271,-27448,7,19,22,7,19,22,08/15/24,20:25:41
257,101272,-27420,6,18,21,6,18,21,08/15/24,20:25:42
257,101274,-27403,6,18,21,6,18,21,08/15/24,20:25:43
257,101274,-27392,4,16,19,4,16,19,08/15/24,20:25:44
256,101274,-27421,4,16,19,4,16,19,08/15/24,20:25:45
256,101272,-27477,4,15,19,4,15,19,08/15/24,20:25:46
253,101274,-27489,4,15,19,4,15,19,08/15/24,20:25:47
251,101274,-27477,4,15,18,4,15,18,08/15/24,20:25:48
250,101272,-27455,4,15,18,4,15,18,08/15/24,20:25:49
247,101274,-27410,4,15,18,4,15,18,08/15/24,20:25:50
243,101275,-27384,4,15,18,4,15,18,08/15/24,20:25:51
241,101272,-27361,4,13,18,4,13,18,08/15/24,20:25:52
241,101272,-27338,4,13,18,4,13,18,08/15/24,20:25:53
239,101274,-27270,4,13,18,4,13,18,08/15/24,20:25:54
238,101275,-27220,4,13,18,4,13,18,08/15/24,20:25:55
238,101274,-27214,4,13,18,4,13,18,08/15/24,20:25:56
237,101275,-27208,4,13,18,4,13,18,08/15/24,20:25:57
236,101276,-27209,4,13,18,4,13,18,08/15/24,20:25:58
236,101275,-27232,4,12,18,4,12,18,08/15/24,20:25:59
237,101276,-27242,4,12,18,4,12,18,08/15/24,20:26:00
233,101277,-27176,3,12,16,3,12,16,08/15/24,20:26:01
232,101277,-27153,3,12,16,3,12,16,08/15/24,20:26:02
232,101276,-27170,3,10,16,3,10,16,08/15/24,20:26:03
230,101274,-27165,3,10,16,3,10,16,08/15/24,20:26:04
228,101275,-27148,3,10,16,3,10,16,08/15/24,20:26:05
227,101275,-27154,3,10,16,3,10,16,08/15/24,20:26:06
224,101276,-27154,3,9,16,3,9,16,08/15/24,20:26:07
223,101277,-27166,3,9,16,3,9,16,08/15/24,20:26:08
222,101274,-27177,1,9,15,1,9,15,08/15/24,20:26:09
222,101274,-27189,1,9,15,1,9,15,08/15/24,20:26:10
220,101276,-27217,1,7,13,1,7,13,08/15/24,20:26:11
218,101277,-27207,1,7,13,1,7,13,08/15/24,20:26:12
217,101278,-27207,1,7,13,1,7,13,08/15/24,20:26:13
214,101278,-27173,1,7,13,1,7,13,08/15/24,20:26:14
211,101271,-27190,1,7,13,1,7,13,08/15/24,20:26:15
210,101272,-27145,0,7,12,0,7,12,08/15/24,20:26:16
209,101272,-27135,0,7,12,0,7,12,08/15/24,20:26:17
208,101271,-27118,0,7,12,0,7,12,08/15/24,20:26:18
206,101274,-27078,0,7,12,0,7,12,08/15/24,20:26:19
205,101274,-27095,1,7,12,1,7,12,08/15/24,20:26:20
203,101277,-27056,1,7,12,1,7,12,08/15/24,20:26:21
196,101275,-27051,1,7,13,1,7,13,08/15/24,20:26:22
196,101275,-27057,1,7,13,1,7,13,08/15/24,20:26:23
197,101274,-27074,3,9,13,3,9,13,08/15/24,20:26:24
197,101274,-27091,3,9,13,3,9,13,08/15/24,20:26:25
196,101275,-27091,3,10,15,3,10,15,08/15/24,20:26:26
191,101274,-27035,3,10,15,3,10,15,08/15/24,20:26:27
190,101274,-27008,4,10,16,4,10,16,08/15/24,20:26:28
187,101275,-27019,4,10,16,4,10,16,08/15/24,20:26:29
187,101274,-27025,4,12,16,4,12,16,08/15/24,20:26:30
189,101274,-27047,4,12,16,4,12,16,08/15/24,20:26:31
189,101275,-27070,6,12,18,6,12,18,08/15/24,20:26:32
186,101276,-27054,6,12,18,6,12,18,08/15/24,20:26:33
187,101276,-27064,6,13,19,6,13,19,08/15/24,20:26:34
186,101275,-27065,6,13,19,6,13,19,08/15/24,20:26:35
185,101275,-27048,6,13,19,6,13,19,08/15/24,20:26:36
182,101271,-27031,6,13,19,6,13,19,08/15/24,20:26:37
180,101274,-27021,6,13,19,6,13,19,08/15/24,20:26:38
178,101276,-27032,6,13,19,6,13,19,08/15/24,20:26:39
177,101276,-27032,6,13,19,6,13,19,08/15/24,20:26:40
176,101277,-27039,6,13,21,6,13,21,08/15/24,20:26:41
173,101275,-27055,6,13,21,6,13,21,08/15/24,20:26:42
173,101276,-27061,6,13,21,6,13,21,08/15/24,20:26:43
175,101278,-27067,6,13,21,6,13,21,08/15/24,20:26:44
172,101275,-27039,6,13,21,6,13,21,08/15/24,20:26:45
172,101275,-27050,6,13,21,6,13,21,08/15/24,20:26:46
172,101275,-27061,6,13,19,6,13,19,08/15/24,20:26:47
168,101275,-27034,6,13,19,6,13,19,08/15/24,20:26:48
164,101276,-27012,6,12,19,6,12,19,08/15/24,20:26:49
164,101278,-26950,6,12,19,6,12,19,08/15/24,20:26:50
161,101277,-26911,6,12,19,6,12,19,08/15/24,20:26:51
159,101276,-26888,6,12,19,6,12,19,08/15/24,20:26:52
159,101276,-26877,4,10,19,4,10,19,08/15/24,20:26:53
158,101276,-26877,4,10,19,4,10,19,08/15/24,20:26:54
158,101277,-26871,4,10,19,4,10,19,08/15/24,20:26:55
157,101277,-26849,4,10,19,4,10,19,08/15/24,20:26:56
154,101275,-26810,4,10,19,4,10,19,08/15/24,20:26:57
153,101277,-26811,4,10,19,4,10,19,08/15/24,20:26:58
152,101275,-26811,4,10,19,4,10,19,08/15/24,20:26:59
152,101275,-26783,4,9,18,4,9,18,08/15/24,20:27:00
153,101275,-26777,4,9,18,4,9,18,08/15/24,20:27:01
153,101275,-26783,4,9,18,4,9,18,08/15/24,20:27:02
150,101277,-26777,4,9,18,4,9,18,08/15/24,20:27:03
150,101277,-26783,3,7,18,3,7,18,08/15/24,20:27:04
149,101278,-26805,3,7,18,3,7,18,08/15/24,20:27:05
148,101278,-26817,3,7,16,3,7,16,08/15/24,20:27:06
145,101279,-26812,3,7,16,3,7,16,08/15/24,20:27:07
145,101280,-26812,3,7,16,3,7,16,08/15/24,20:27:08
144,101275,-26817,3,7,16,3,7,16,08/15/24,20:27:09
143,101272,-26818,1,6,15,1,6,15,08/15/24,20:27:10
140,101274,-26818,1,6,15,1,6,15,08/15/24,20:27:11
139,101274,-26802,1,6,13,1,6,13,08/15/24,20:27:12
139,101275,-26808,1,6,13,1,6,13,08/15/24,20:27:13
139,101276,-26819,1,6,13,1,6,13,08/15/24,20:27:14
137,101278,-26819,1,6,13,1,6,13,08/15/24,20:27:15
137,101278,-26808,1,4,12,1,4,12,08/15/24,20:27:16
137,101277,-26796,1,4,12,1,4,12,08/15/24,20:27:17
137,101278,-26808,1,4,12,1,4,12,08/15/24,20:27:18
137,101277,-26796,1,4,12,1,4,12,08/15/24,20:27:19
134,101274,-26785,1,4,12,1,4,12,08/15/24,20:27:20
133,101276,-26775,1,4,10,1,4,10,08/15/24,20:27:21
133,101276,-26758,1,4,10,1,4,10,08/15/24,20:27:22
131,101276,-26752,1,3,9,1,3,9,08/15/24,20:27:23
130,101277,-26769,1,3,9,1,3,9,08/15/24,20:27:24
126,101276,-26770,1,3,9,1,3,9,08/15/24,20:27:25
126,101275,-26753,1,3,9,1,3,9,08/15/24,20:27:26
126,101276,-26747,1,3,9,1,3,9,08/15/24,20:27:27
125,101274,-26708,1,3,9,1,3,9,08/15/24,20:27:28
125,101275,-26702,1,3,9,1,3,9,08/15/24,20:27:29
122,101276,-26669,1,3,9,1,3,9,08/15/24,20:27:30
121,101276,-26652,1,3,7,1,3,7,08/15/24,20:27:31
122,101276,-26658,1,3,7,1,3,7,08/15/24,20:27:32
121,101275,-26618,1,3,7,1,3,7,08/15/24,20:27:33
121,101276,-26607,1,3,7,1,3,7,08/15/24,20:27:34
120,101276,-26596,1,3,7,1,3,7,08/15/24,20:27:35
119,101277,-26585,1,3,7,1,3,7,08/15/24,20:27:36
119,101276,-26579,1,3,7,1,3,7,08/15/24,20:27:37
117,101277,-26579,1,3,7,1,3,7,08/15/24,20:27:38
116,101275,-26551,1,3,7,1,3,7,08/15/24,20:27:39
114,101276,-26511,1,3,7,1,3,7,08/15/24,20:27:40
112,101277,-26473,1,3,7,1,3,7,08/15/24,20:27:41
112,101277,-26495,1,3,7,1,3,7,08/15/24,20:27:42
112,101277,-26484,1,3,7,1,3,7,08/15/24,20:27:43
110,101277,-26451,3,4,7,3,4,7,08/15/24,20:27:44
110,101277,-26457,3,4,7,3,4,7,08/15/24,20:27:45
108,101278,-26451,3,4,7,3,4,7,08/15/24,20:27:46
106,101276,-26452,3,4,7,3,4,7,08/15/24,20:27:47
105,101276,-26429,3,4,7,3,4,7,08/15/24,20:27:48
103,101277,-26390,3,4,7,3,4,7,08/15/24,20:27:49
102,101277,-26350,3,6,9,3,6,9,08/15/24,20:27:50
101,101277,-26350,3,6,9,3,6,9,08/15/24,20:27:51
102,101277,-26345,4,6,9,4,6,9,08/15/24,20:27:52
103,101276,-26333,4,6,9,4,6,9,08/15/24,20:27:53
102,101278,-26294,4,7,10,4,7,10,08/15/24,20:27:54
101,101276,-26294,4,7,10,4,7,10,08/15/24,20:27:55
97,101279,-26249,6,9,12,6,9,12,08/15/24,20:27:56
96,101278,-26211,6,9,12,6,9,12,08/15/24,20:27:57
89,101278,-26178,7,10,13,7,10,13,08/15/24,20:27:58
87,101277,-26166,7,10,13,7,10,13,08/15/24,20:27:59
87,101277,-26189,7,10,13,7,10,13,08/15/24,20:28:00
89,101279,-26189,7,12,15,7,12,15,08/15/24,20:28:01
89,101279,-26172,7,12,15,7,12,15,08/15/24,20:28:02
89,101278,-26183,9,13,16,9,13,16,08/15/24,20:28:03
89,101280,-26189,9,13,16,9,13,16,08/15/24,20:28:04
89,101278,-26200,10,15,19,10,15,19,08/15/24,20:28:05
86,101276,-26190,10,15,19,10,15,19,08/15/24,20:28:06
88,101280,-26200,12,16,21,12,16,21,08/15/24,20:28:07
88,101278,-26206,12,16,21,12,16,21,08/15/24,20:28:08
88,101278,-26223,12,18,22,12,18,22,08/15/24,20:28:09
84,101276,-26224,12,18,22,12,18,22,08/15/24,20:28:10
84,101275,-26224,13,18,24,13,18,24,08/15/24,20:28:11
86,101276,-26218,13,18,24,13,18,24,08/15/24,20:28:12
82,101278,-26219,13,19,25,13,19,25,08/15/24,20:28:13
81,101278,-26224,13,19,25,13,19,25,08/15/24,20:28:14
79,101279,-26224,15,21,27,15,21,27,08/15/24,20:28:15
79,101278,-26224,15,21,27,15,21,27,08/15/24,20:28:16
78,101279,-26219,15,22,28,15,22,28,08/15/24,20:28:17
77,101274,-26230,15,22,28,15,22,28,08/15/24,20:28:18
78,101280,-26230,16,24,30,16,24,30,08/15/24,20:28:19
79,101279,-26230,16,24,30,16,24,30,08/15/24,20:28:20
78,101280,-26230,16,24,31,16,24,31,08/15/24,20:28:21
74,101276,-26220,16,24,31,16,24,31,08/15/24,20:28:22
74,101277,-26225,16,24,31,16,24,31,08/15/24,20:28:23
77,101277,-26258,16,24,31,16,24,31,08/15/24,20:28:24
75,101276,-26259,16,24,31,16,24,31,08/15/24,20:28:25
73,101276,-26260,16,25,31,16,25,31,08/15/24,20:28:26
72,101276,-26277,16,25,31,16,25,31,08/15/24,20:28:27
73,101277,-26271,16,25,31,16,25,31,08/15/24,20:28:28
68,101275,-26271,16,25,31,16,25,31,08/15/24,20:28:29
65,101276,-26283,15,25,31,15,25,31,08/15/24,20:28:30
64,101277,-26295,15,25,31,15,25,31,08/15/24,20:28:31
64,101276,-26306,15,25,30,15,25,30,08/15/24,20:28:32
63,101277,-26307,15,25,30,15,25,30,08/15/24,20:28:33
63,101278,-26301,15,24,30,15,24,30,08/15/24,20:28:34
63,101277,-26301,15,24,30,15,24,30,08/15/24,20:28:35
64,101276,-26306,13,24,28,13,24,28,08/15/24,20:28:36
62,101277,-26301,13,24,28,13,24,28,08/15/24,20:28:37
63,101278,-26324,12,22,28,12,22,28,08/15/24,20:28:38
63,101278,-26290,12,22,28,12,22,28,08/15/24,20:28:39
62,101278,-26301,12,21,27,12,21,27,08/15/24,20:28:40
58,101276,-26284,12,21,27,12,21,27,08/15/24,20:28:41
60,101279,-26290,10,19,25,10,19,25,08/15/24,20:28:42
60,101278,-26284,10,19,25,10,19,25,08/15/24,20:28:43
60,101278,-26307,10,19,25,10,19,25,08/15/24,20:28:44
59,101279,-26290,9,19,24,9,19,24,08/15/24,20:28:45
59,101279,-26290,9,19,24,9,19,24,08/15/24,20:28:46
59,101279,-26295,9,18,22,9,18,22,08/15/24,20:28:47
58,101276,-26301,9,18,22,9,18,22,08/15/24,20:28:48
55,101277,-26274,7,16,21,7,16,21,08/15/24,20:28:49
50,101279,-26280,7,16,21,7,16,21,08/15/24,20:28:50
50,101279,-26275,7,15,21,7,15,21,08/15/24,20:28:51
50,101279,-26258,7,15,21,7,15,21,08/15/24,20:28:52
50,101280,-26275,7,15,19,7,15,19,08/15/24,20:28:53
50,101280,-26297,7,15,19,7,15,19,08/15/24,20:28:54
51,101280,-26303,7,13,19,7,13,19,08/15/24,20:28:55
51,101279,-26258,7,13,19,7,13,19,08/15/24,20:28:56
50,101278,-26275,7,13,18,7,13,18,08/15/24,20:28:57
53,101277,-26291,7,13,18,7,13,18,08/15/24,20:28:58
54,101277,-26308,7,12,18,7,12,18,08/15/24,20:28:59
54,101277,-26302,7,12,18,7,12,18,08/15/24,20:29:00
53,101279,-26275,7,12,18,7,12,18,08/15/24,20:29:01
51,101279,-26252,7,12,18,7,12,18,08/15/24,20:29:02
49,101277,-26253,7,12,18,7,12,18,08/15/24,20:29:03
46,101278,-26236,7,12,18,7,12,18,08/15/24,20:29:04
46,101278,-26253,7,12,18,7,12,18,08/15/24,20:29:05
46,101278,-26258,7,12,16,7,12,16,08/15/24,20:29:06
45,101279,-26264,7,12,16,7,12,16,08/15/24,20:29:07
46,101278,-26270,6,10,16,6,10,16,08/15/24,20:29:08
45,101278,-26281,6,10,16,6,10,16,08/15/24,20:29:09
44,101278,-26304,6,10,16,6,10,16,08/15/24,20:29:10
42,101279,-26304,6,10,16,6,10,16,08/15/24,20:29:11
42,101280,-26299,6,10,16,6,10,16,08/15/24,20:29:12
41,101280,-26310,6,10,16,6,10,16,08/15/24,20:29:13
41,101279,-26310,6,10,16,6,10,16,08/15/24,20:29:14
41,101279,-26293,6,10,16,6,10,16,08/15/24,20:29:15
39,101278,-26271,6,10,16,6,10,16,08/15/24,20:29:16
40,101280,-26260,6,10,16,6,10,16,08/15/24,20:29:17
40,101279,-26266,6,10,15,6,10,15,08/15/24,20:29:18
41,101279,-26265,6,10,15,6,10,15,08/15/24,20:29:19
41,101279,-26259,6,10,15,6,10,15,08/15/24,20:29:20
39,101276,-26266,6,10,15,6,10,15,08/15/24,20:29:21
37,101277,-26266,6,10,15,6,10,15,08/15/24,20:29:22
36,101277,-26249,6,10,15,6,10,15,08/15/24,20:29:23
35,101280,-26243,6,10,15,6,10,15,08/15/24,20:29:24
34,101279,-26232,6,10,15,6,10,15,08/15/24,20:29:25
32,101279,-26238,6,10,15,6,10,15,08/15/24,20:29:26
31,101278,-26244,6,10,15,6,10,15,08/15/24,20:29:27
32,101278,-26244,6,10,15,6,10,15,08/15/24,20:29:28
31,101278,-26255,6,10,15,6,10,15,08/15/24,20:29:29
31,101279,-26266,6,10,15,6,10,15,08/15/24,20:29:30
30,101277,-26267,6,12,15,6,12,15,08/15/24,20:29:31
30,101277,-26273,6,12,15,6,12,15,08/15/24,20:29:32
26,101278,-26251,7,12,15,7,12,15,08/15/24,20:29:33
25,101278,-26240,7,12,15,7,12,15,08/15/24,20:29:34
23,101279,-26223,7,12,15,7,12,15,08/15/24,20:29:35
22,101279,-26223,7,12,15,7,12,15,08/15/24,20:29:36
23,101277,-26234,7,12,15,7,12,15,08/15/24,20:29:37
22,101278,-26234,7,12,15,7,12,15,08/15/24,20:29:38
22,101279,-26257,7,12,15,7,12,15,08/15/24,20:29:39
20,101276,-26258,7,12,15,7,12,15,08/15/24,20:29:40
18,101276,-26252,7,12,15,7,12,15,08/15/24,20:29:41
20,101276,-26252,7,12,15,7,12,15,08/15/24,20:29:42
17,101277,-26229,7,12,15,7,12,15,08/15/24,20:29:43
18,101277,-26229,7,12,15,7,12,15,08/15/24,20:29:44
16,101277,-26230,9,13,15,9,13,15,08/15/24,20:29:45
16,101277,-26225,9,13,15,9,13,15,08/15/24,20:29:46
16,101276,-26225,9,13,15,9,13,15,08/15/24,20:29:47
15,101277,-26208,9,13,16,9,13,16,08/15/24,20:29:48
11,101278,-26191,9,13,16,9,13,16,08/15/24,20:29:49
8,101277,-26186,9,13,16,9,13,16,08/15/24,20:29:50
9,101277,-26203,9,13,16,9,13,16,08/15/24,20:29:51
8,101277,-26209,9,13,16,9,13,16,08/15/24,20:29:52
9,101276,-26203,9,13,16,9,13,16,08/15/24,20:29:53
9,101276,-26169,9,15,16,9,15,16,08/15/24,20:29:54
6,101277,-26159,9,15,16,9,15,16,08/15/24,20:29:55
4,101277,-26136,9,15,18,9,15,18,08/15/24,20:29:56
6,101277,-26142,9,15,18,9,15,18,08/15/24,20:29:57
6,101277,-26136,9,15,18,9,15,18,08/15/24,20:29:58
4,101277,-26108,9,15,18,9,15,18,08/15/24,20:29:59
3,101278,-26103,7,15,18,7,15,18,08/15/24,20:30:00
2,101278,-26103,7,15,18,7,15,18,08/15/24,20:30:01
-1,101271,-26103,7,13,18,7,13,18,08/15/24,20:30:02
-1,101272,-26103,7,13,18,7,13,18,08/15/24,20:30:03
1,101275,-26109,7,13,16,7,13,16,08/15/24,20:30:04
-2,101272,-26103,7,13,16,7,13,16,08/15/24,20:30:05
-2,101274,-26086,7,13,16,7,13,16,08/15/24,20:30:06
-3,101274,-26080,7,13,16,7,13,16,08/15/24,20:30:07
-4,101274,-26064,7,13,16,7,13,16,08/15/24,20:30:08
-4,101275,-26030,7,13,16,7,13,16,08/15/24,20:30:09
-6,101275,-26013,7,13,16,7,13,16,08/15/24,20:30:10
-6,101275,-26008,7,13,16,7,13,16,08/15/24,20:30:11
-6,101274,-26002,7,13,16,7,13,16,08/15/24,20:30:12
-7,101275,-25975,7,13,16,7,13,16,08/15/24,20:30:13
-7,101276,-25969,7,13,16,7,13,16,08/15/24,20:30:14
-7,101274,-25975,7,13,18,7,13,18,08/15/24,20:30:15
-8,101274,-25947,7,13,18,7,13,18,08/15/24,20:30:16
-7,101274,-25986,7,13,18,7,13,18,08/15/24,20:30:17
-8,101275,-25975,7,13,18,7,13,18,08/15/24,20:30:18
-11,101272,-25924,9,13,19,9,13,19,08/15/24,20:30:19
-15,101274,-25868,9,13,19,9,13,19,08/15/24,20:30:20
-13,101275,-25851,9,13,19,9,13,19,08/15/24,20:30:21
-13,101275,-25806,9,13,19,9,13,19,08/15/24,20:30:22
-12,101275,-25800,9,15,21,9,15,21,08/15/24,20:30:23
-12,101274,-25800,9,15,21,9,15,21,08/15/24,20:30:24
-15,101275,-25806,9,15,21,9,15,21,08/15/24,20:30:25
-16,101275,-25801,9,15,21,9,15,21,08/15/24,20:30:26
-20,101274,-25785,9,15,21,9,15,21,08/15/24,20:30:27
-20,101274,-25796,9,15,21,9,15,21,08/15/24,20:30:28
-21,101274,-25790,9,15,21,9,15,21,08/15/24,20:30:29
-22,101274,-25768,9,15,21,9,15,21,08/15/24,20:30:30
-25,101276,-25735,9,15,21,9,15,21,08/15/24,20:30:31
-26,101277,-25729,9,13,21,9,13,21,08/15/24,20:30:32
-29,101274,-25718,9,13,21,9,13,21,08/15/24,20:30:33
-30,101275,-25713,9,13,21,9,13,21,08/15/24,20:30:34
-31,101275,-25708,9,13,21,9,13,21,08/15/24,20:30:35
-34,101277,-25719,9,13,19,9,13,19,08/15/24,20:30:36
-35,101276,-25731,9,13,19,9,13,19,08/15/24,20:30:37
-34,101276,-25742,7,12,19,7,12,19,08/15/24,20:30:38
-34,101276,-25725,7,12,19,7,12,19,08/15/24,20:30:39
-34,101276,-25719,7,12,18,7,12,18,08/15/24,20:30:40
-34,101277,-25714,7,12,18,7,12,18,08/15/24,20:30:41
-35,101278,-25714,6,10,18,6,10,18,08/15/24,20:30:42
-37,101275,-25698,6,10,18,6,10,18,08/15/24,20:30:43
-37,101275,-25698,6,10,16,6,10,16,08/15/24,20:30:44
-39,101275,-25715,6,10,16,6,10,16,08/15/24,20:30:45
-39,101275,-25715,4,9,15,4,9,15,08/15/24,20:30:46
-40,101276,-25693,4,9,15,4,9,15,08/15/24,20:30:47
-44,101277,-25693,4,7,15,4,7,15,08/15/24,20:30:48
-45,101277,-25682,4,7,15,4,7,15,08/15/24,20:30:49
-46,101277,-25665,4,7,15,4,7,15,08/15/24,20:30:50
-46,101279,-25670,3,7,13,3,7,13,08/15/24,20:30:51
-50,101277,-25655,3,7,13,3,7,13,08/15/24,20:30:52
-50,101275,-25666,1,6,12,1,6,12,08/15/24,20:30:53
-51,101276,-25683,1,6,12,1,6,12,08/15/24,20:30:54
-51,101277,-25683,1,6,10,1,6,10,08/15/24,20:30:55
-53,101278,-25678,1,6,10,1,6,10,08/15/24,20:30:56
-57,101275,-25661,1,4,9,1,4,9,08/15/24,20:30:57
-57,101275,-25673,1,4,9,1,4,9,08/15/24,20:30:58
-55,101277,-25667,0,4,9,0,4,9,08/15/24,20:30:59
-57,101276,-25645,0,4,9,0,4,9,08/15/24,20:31:00
-58,101276,-25639,0,4,7,0,4,7,08/15/24,20:31:01
-58,101277,-25645,0,4,7,0,4,7,08/15/24,20:31:02
-60,101277,-25645,0,4,7,0,4,7,08/15/24,20:31:03
-62,101277,-25645,0,4,7,0,4,7,08/15/24,20:31:04
-60,101277,-25634,0,4,9,0,4,9,08/15/24,20:31:05
-62,101276,-25645,0,4,9,0,4,9,08/15/24,20:31:06
-63,101277,-25623,0,6,9,0,6,9,08/15/24,20:31:07
-64,101279,-25607,0,6,9,0,6,9,08/15/24,20:31:08
-65,101279,-25624,0,7,10,0,7,10,08/15/24,20:31:09
-68,101272,-25618,0,7,10,0,7,10,08/15/24,20:31:10
-67,101274,-25624,1,9,12,1,9,12,08/15/24,20:31:11
-67,101272,-25612,1,9,12,1,9,12,08/15/24,20:31:12
-67,101274,-25595,1,9,12,1,9,12,08/15/24,20:31:13
-68,101275,-25601,3,10,15,3,10,15,08/15/24,20:31:14
-68,101274,-25612,3,10,15,3,10,15,08/15/24,20:31:15
-71,101274,-25596,3,12,16,3,12,16,08/15/24,20:31:16
-73,101275,-25585,3,12,16,3,12,16,08/15/24,20:31:17
-76,101272,-25580,4,13,18,4,13,18,08/15/24,20:31:18
-76,101272,-25591,4,13,18,4,13,18,08/15/24,20:31:19
-77,101272,-25603,6,15,21,6,15,21,08/15/24,20:31:20
-77,101274,-25608,6,15,21,6,15,21,08/15/24,20:31:21
-77,101274,-25586,6,16,22,6,16,22,08/15/24,20:31:22
-77,101272,-25546,6,16,22,6,16,22,08/15/24,20:31:23
-81,101274,-25542,7,18,24,7,18,24,08/15/24,20:31:24
-81,101274,-25575,7,18,24,7,18,24,08/15/24,20:31:25
-81,101275,-25536,7,18,25,7,18,25,08/15/24,20:31:26
-82,101276,-25519,7,18,25,7,18,25,08/15/24,20:31:27
-83,101276,-25519,9,19,25,9,19,25,08/15/24,20:31:28
-83,101276,-25485,9,19,25,9,19,25,08/15/24,20:31:29
-83,101276,-25502,9,19,27,9,19,27,08/15/24,20:31:30
-82,101277,-25525,9,19,27,9,19,27,08/15/24,20:31:31
-82,101277,-25513,10,19,27,10,19,27,08/15/24,20:31:32
-86,101274,-25469,10,19,27,10,19,27,08/15/24,20:31:33
-86,101275,-25463,10,19,27,10,19,27,08/15/24,20:31:34
-87,101276,-25447,10,19,27,10,19,27,08/15/24,20:31:35
-87,101277,-25436,10,19,27,10,19,27,08/15/24,20:31:36
-87,101276,-25419,10,21,28,10,21,28,08/15/24,20:31:37
-90,101275,-25385,10,21,28,10,21,28,08/15/24,20:31:38
-90,101277,-25385,10,21,28,10,21,28,08/15/24,20:31:39
-90,101277,-25385,10,21,28,10,21,28,08/15/24,20:31:40
-90,101277,-25368,10,21,28,10,21,28,08/15/24,20:31:41
-91,101278,-25363,10,21,28,10,21,28,08/15/24,20:31:42
-92,101278,-25351,10,21,28,10,21,28,08/15/24,20:31:43
-95,101276,-25347,10,21,28,10,21,28,08/15/24,20:31:44
-97,101276,-25342,10,21,28,10,21,28,08/15/24,20:31:45
-98,101277,-25331,10,21,28,10,21,28,08/15/24,20:31:46
-97,101276,-25342,10,21,28,10,21,28,08/15/24,20:31:47
-97,101277,-25359,10,21,28,10,21,28,08/15/24,20:31:48
-97,101276,-25359,10,19,28,10,19,28,08/15/24,20:31:49
-96,101276,-25369,10,19,28,10,19,28,08/15/24,20:31:50
-97,101277,-25381,9,19,27,9,19,27,08/15/24,20:31:51
-97,101277,-25393,9,19,27,9,19,27,08/15/24,20:31:52
-100,101276,-25387,9,19,27,9,19,27,08/15/24,20:31:53
-101,101277,-25398,9,19,27,9,19,27,08/15/24,20:31:54
-104,101278,-25416,9,19,27,9,19,27,08/15/24,20:31:55
-105,101276,-25393,7,18,25,7,18,25,08/15/24,20:31:56
-106,101275,-25393,7,18,25,7,18,25,08/15/24,20:31:57
-106,101276,-25410,7,16,24,7,16,24,08/15/24,20:31:58
-109,101276,-25417,7,16,24,7,16,24,08/15/24,20:31:59
-110,101277,-25400,6,16,24,6,16,24,08/15/24,20:32:00
-111,101277,-25373,6,16,24,6,16,24,08/15/24,20:32:01
-111,101277,-25373,6,15,22,6,15,22,08/15/24,20:32:02
-111,101276,-25384,6,15,22,6,15,22,08/15/24,20:32:03
-110,101277,-25366,4,13,21,4,13,21,08/15/24,20:32:04
-111,101278,-25361,4,13,21,4,13,21,08/15/24,20:32:05
-111,101278,-25356,4,13,21,4,13,21,08/15/24,20:32:06
-111,101279,-25350,4,13,21,4,13,21,08/15/24,20:32:07
-112,101280,-25316,4,12,19,4,12,19,08/15/24,20:32:08
-115,101277,-25294,4,12,19,4,12,19,08/15/24,20:32:09
-114,101279,-25282,3,10,18,3,10,18,08/15/24,20:32:10
-116,101277,-25237,3,10,18,3,10,18,08/15/24,20:32:11
-117,101277,-25227,3,10,16,3,10,16,08/15/24,20:32:12
-117,101277,-25204,3,10,16,3,10,16,08/15/24,20:32:13
-117,101279,-25199,3,9,16,3,9,16,08/15/24,20:32:14
-117,101280,-25199,3,9,16,3,9,16,08/15/24,20:32:15
-116,101280,-25186,3,9,16,3,9,16,08/15/24,20:32:16
-117,101280,-25187,3,9,15,3,9,15,08/15/24,20:32:17
-119,101279,-25182,3,9,15,3,9,15,08/15/24,20:32:18
-120,101280,-25188,3,7,15,3,7,15,08/15/24,20:32:19
-121,101280,-25183,3,7,15,3,7,15,08/15/24,20:32:20
-125,101279,-25183,3,7,15,3,7,15,08/15/24,20:32:21
-126,101279,-25216,3,7,15,3,7,15,08/15/24,20:32:22
-129,101280,-25274,3,7,13,3,7,13,08/15/24,20:32:23
-130,101279,-25308,3,7,13,3,7,13,08/15/24,20:32:24
-130,101279,-25353,3,7,13,3,7,13,08/15/24,20:32:25
-134,101274,-25404,3,7,13,3,7,13,08/15/24,20:32:26
-135,101275,-25449,4,7,13,4,7,13,08/15/24,20:32:27
-133,101280,-25460,4,7,13,4,7,13,08/15/24,20:32:28
-133,101279,-25477,4,9,13,4,9,13,08/15/24,20:32:29
-131,101279,-25494,4,9,13,4,9,13,08/15/24,20:32:30
-130,101279,-25500,6,9,13,6,9,13,08/15/24,20:32:31
-134,101275,-25506,6,9,13,6,9,13,08/15/24,20:32:32
-137,101276,-25517,6,10,15,6,10,15,08/15/24,20:32:33
-134,101276,-25534,6,10,15,6,10,15,08/15/24,20:32:34
-135,101275,-25545,7,12,15,7,12,15,08/15/24,20:32:35
-135,101275,-25545,7,12,15,7,12,15,08/15/24,20:32:36
-135,101276,-25562,7,12,15,7,12,15,08/15/24,20:32:37
-138,101277,-25569,9,12,16,9,12,16,08/15/24,20:32:38
-135,101276,-25573,9,12,16,9,12,16,08/15/24,20:32:39
-135,101276,-25596,9,13,18,9,13,18,08/15/24,20:32:40
-135,101278,-25613,9,13,18,9,13,18,08/15/24,20:32:41
-137,101278,-25618,10,15,18,10,15,18,08/15/24,20:32:42
-135,101277,-25635,10,15,18,10,15,18,08/15/24,20:32:43
-137,101279,-25652,10,15,19,10,15,19,08/15/24,20:32:44
-138,101279,-25676,10,15,19,10,15,19,08/15/24,20:32:45
-139,101279,-25676,10,15,19,10,15,19,08/15/24,20:32:46
-140,101279,-25682,10,15,19,10,15,19,08/15/24,20:32:47
-140,101278,-25682,10,15,19,10,15,19,08/15/24,20:32:48
-140,101278,-25693,10,15,19,10,15,19,08/15/24,20:32:49
-144,101277,-25700,10,15,19,10,15,19,08/15/24,20:32:50
-144,101276,-25722,10,15,19,10,15,19,08/15/24,20:32:51
-143,101276,-25727,10,15,19,10,15,19,08/15/24,20:32:52
-145,101277,-25722,10,15,19,10,15,19,08/15/24,20:32:53
-145,101277,-25728,9,15,19,9,15,19,08/15/24,20:32:54
-145,101277,-25739,9,15,19,9,15,19,08/15/24,20:32:55
-145,101277,-25762,9,15,18,9,15,18,08/15/24,20:32:56
-145,101277,-25751,9,15,18,9,15,18,08/15/24,20:32:57
-145,101277,-25751,9,15,18,9,15,18,08/15/24,20:32:58
-147,101278,-25728,9,13,18,9,13,18,08/15/24,20:32:59
-148,101279,-25706,9,13,18,9,13,18,08/15/24,20:33:00
-149,101278,-25700,9,13,18,9,13,18,08/15/24,20:33:01
-148,101278,-25711,9,13,18,9,13,18,08/15/24,20:33:02
-152,101278,-25701,9,13,18,9,13,18,08/15/24,20:33:03
-150,101279,-25701,9,13,18,9,13,18,08/15/24,20:33:04
-152,101279,-25684,9,13,18,9,13,18,08/15/24,20:33:05
-152,101279,-25689,9,13,18,9,13,18,08/15/24,20:33:06
-156,101277,-25673,9,13,18,9,13,18,08/15/24,20:33:07
-157,101278,-25662,9,13,18,9,13,18,08/15/24,20:33:08
-156,101278,-25673,9,15,18,9,15,18,08/15/24,20:33:09
-157,101278,-25651,9,15,18,9,15,18,08/15/24,20:33:10
-158,101278,-25628,9,15,18,9,15,18,08/15/24,20:33:11
-158,101278,-25634,9,15,18,9,15,18,08/15/24,20:33:12
-158,101278,-25628,9,16,19,9,16,19,08/15/24,20:33:13
-158,101277,-25628,9,16,19,9,16,19,08/15/24,20:33:14
-157,101277,-25623,9,16,19,9,16,19,08/15/24,20:33:15
-157,101278,-25611,9,16,19,9,16,19,08/15/24,20:33:16
-157,101277,-25600,10,18,21,10,18,21,08/15/24,20:33:17
-157,101278,-25583,10,18,21,10,18,21,08/15/24,20:33:18
-156,101279,-25544,10,18,21,10,18,21,08/15/24,20:33:19
-154,101278,-25561,10,18,21,10,18,21,08/15/24,20:33:20
-156,101277,-25544,10,18,21,10,18,21,08/15/24,20:33:21
-157,101277,-25544,12,19,22,12,19,22,08/15/24,20:33:22
-158,101278,-25532,12,19,22,12,19,22,08/15/24,20:33:23
-158,101278,-25515,12,21,24,12,21,24,08/15/24,20:33:24
-158,101277,-25493,12,21,24,12,21,24,08/15/24,20:33:25
-159,101278,-25482,12,21,24,12,21,24,08/15/24,20:33:26
-161,101279,-25471,12,21,24,12,21,24,08/15/24,20:33:27
-161,101278,-25466,13,22,25,13,22,25,08/15/24,20:33:28
-161,101279,-25477,13,22,25,13,22,25,08/15/24,20:33:29
-159,101279,-25487,13,22,27,13,22,27,08/15/24,20:33:30
-158,101279,-25493,13,22,27,13,22,27,08/15/24,20:33:31
-161,101280,-25488,13,22,28,13,22,28,08/15/24,20:33:32
-163,101277,-25466,13,22,28,13,22,28,08/15/24,20:33:33
-163,101276,-25466,15,24,30,15,24,30,08/15/24,20:33:34
-164,101277,-25455,15,24,30,15,24,30,08/15/24,20:33:35
-163,101277,-25443,15,24,30,15,24,30,08/15/24,20:33:36
-163,101276,-25426,15,24,30,15,24,30,08/15/24,20:33:37
-166,101276,-25421,15,25,31,15,25,31,08/15/24,20:33:38
-167,101277,-25422,15,25,31,15,25,31,08/15/24,20:33:39
-170,101279,-25411,15,25,31,15,25,31,08/15/24,20:33:40
-170,101278,-25400,15,25,31,15,25,31,08/15/24,20:33:41
-167,101277,-25417,15,25,31,15,25,31,08/15/24,20:33:42
-167,101277,-25405,13,25,33,13,25,33,08/15/24,20:33:43
-168,101278,-25405,13,25,33,13,25,33,08/15/24,20:33:44
-170,101279,-25422,13,25,33,13,25,33,08/15/24,20:33:45
-171,101279,-25394,13,25,33,13,25,33,08/15/24,20:33:46
-173,101278,-25389,13,25,31,13,25,31,08/15/24,20:33:47
-172,101277,-25388,13,25,31,13,25,31,08/15/24,20:33:48
-171,101280,-25394,12,25,31,12,25,31,08/15/24,20:33:49
-172,101277,-25400,12,25,31,12,25,31,08/15/24,20:33:50
-172,101277,-25405,12,25,31,12,25,31,08/15/24,20:33:51
-171,101278,-25400,12,25,31,12,25,31,08/15/24,20:33:52
-172,101275,-25411,10,25,30,10,25,30,08/15/24,20:33:53
-172,101276,-25394,10,25,30,10,25,30,08/15/24,20:33:54
-173,101276,-25395,10,24,28,10,24,28,08/15/24,20:33:55
-176,101277,-25389,10,24,28,10,24,28,08/15/24,20:33:56
-175,101278,-25400,9,22,28,9,22,28,08/15/24,20:33:57
-178,101278,-25407,9,22,28,9,22,28,08/15/24,20:33:58
-177,101278,-25407,9,22,27,9,22,27,08/15/24,20:33:59
-178,101277,-25407,9,22,27,9,22,27,08/15/24,20:34:00
-178,101277,-25384,7,21,25,7,21,25,08/15/24,20:34:01
-178,101278,-25384,7,21,25,7,21,25,08/15/24,20:34:02
-180,101278,-25379,7,21,25,7,21,25,08/15/24,20:34:03
-181,101276,-25390,7,19,24,7,19,24,08/15/24,20:34:04
-181,101276,-25367,7,19,24,7,19,24,08/15/24,20:34:05
-181,101277,-25367,6,18,22,6,18,22,08/15/24,20:34:06
-180,101279,-25390,6,18,22,6,18,22,08/15/24,20:34:07
-181,101275,-25367,6,16,21,6,16,21,08/15/24,20:34:08
-181,101275,-25367,6,16,21,6,16,21,08/15/24,20:34:09
-181,101276,-25339,4,15,21,4,15,21,08/15/24,20:34:10
-181,101276,-25345,4,15,21,4,15,21,08/15/24,20:34:11
-183,101277,-25334,4,13,19,4,13,19,08/15/24,20:34:12
-185,101277,-25334,4,13,19,4,13,19,08/15/24,20:34:13
-186,101279,-25340,4,12,18,4,12,18,08/15/24,20:34:14
-185,101279,-25346,4,12,18,4,12,18,08/15/24,20:34:15
-186,101279,-25334,4,12,18,4,12,18,08/15/24,20:34:16
-186,101279,-25334,4,12,18,4,12,18,08/15/24,20:34:17
-186,101279,-25334,3,10,16,3,10,16,08/15/24,20:34:18
-186,101278,-25323,3,10,16,3,10,16,08/15/24,20:34:19
-186,101278,-25306,3,9,16,3,9,16,08/15/24,20:34:20
-186,101277,-25301,3,9,16,3,9,16,08/15/24,20:34:21
-185,101278,-25312,3,9,16,3,9,16,08/15/24,20:34:22
-185,101279,-25323,3,9,16,3,9,16,08/15/24,20:34:23
-183,101278,-25318,3,9,16,3,9,16,08/15/24,20:34:24
-185,101278,-25289,3,7,16,3,7,16,08/15/24,20:34:25
-185,101278,-25284,3,7,16,3,7,16,08/15/24,20:34:26
-186,101279,-25301,3,7,16,3,7,16,08/15/24,20:34:27
-187,101279,-25301,3,7,16,3,7,16,08/15/24,20:34:28
-189,101279,-25296,3,7,16,3,7,16,08/15/24,20:34:29
-190,101279,-25251,3,7,16,3,7,16,08/15/24,20:34:30
-191,101277,-25229,3,7,16,3,7,16,08/15/24,20:34:31
-194,101278,-25212,3,7,16,3,7,16,08/15/24,20:34:32
-194,101278,-25229,3,7,18,3,7,18,08/15/24,20:34:33
-191,101278,-25246,3,7,18,3,7,18,08/15/24,20:34:34
-190,101280,-25256,3,6,18,3,6,18,08/15/24,20:34:35
-192,101278,-25201,3,6,18,3,6,18,08/15/24,20:34:36
-195,101279,-25184,3,6,18,3,6,18,08/15/24,20:34:37
-194,101280,-25195,3,6,18,3,6,18,08/15/24,20:34:38
-194,101280,-25206,3,6,18,3,6,18,08/15/24,20:34:39
-196,101279,-25178,3,6,18,3,6,18,08/15/24,20:34:40
-196,101279,-25178,3,7,18,3,7,18,08/15/24,20:34:41
-195,101280,-25173,3,7,18,3,7,18,08/15/24,20:34:42
-196,101280,-25167,3,7,18,3,7,18,08/15/24,20:34:43
-199,101281,-25145,3,7,18,3,7,18,08/15/24,20:34:44
-197,101280,-25168,3,7,18,3,7,18,08/15/24,20:34:45
-197,101279,-25174,3,7,18,3,7,18,08/15/24,20:34:46
-199,101281,-25140,3,7,18,3,7,18,08/15/24,20:34:47
-200,101281,-25140,3,7,18,3,7,18,08/15/24,20:34:48
-199,101280,-25162,3,7,18,3,7,18,08/15/24,20:34:49
-201,101275,-25180,3,7,18,3,7,18,08/15/24,20:34:50
-201,101275,-25186,3,7,18,3,7,18,08/15/24,20:34:51
-201,101275,-25191,3,7,18,3,7,18,08/15/24,20:34:52
-200,101282,-25185,3,7,18,3,7,18,08/15/24,20:34:53
-203,101276,-25174,3,7,18,3,7,18,08/15/24,20:34:54
-204,101277,-25152,3,7,18,3,7,18,08/15/24,20:34:55
-203,101277,-25169,3,7,18,3,7,18,08/15/24,20:34:56
-203,101277,-25157,3,7,18,3,7,18,08/15/24,20:34:57
-201,101276,-25174,3,7,18,3,7,18,08/15/24,20:34:58
-203,101276,-25191,3,7,18,3,7,18,08/15/24,20:34:59
-204,101277,-25197,3,7,18,3,7,18,08/15/24,20:35:00
-204,101277,-25214,3,7,18,3,7,18,08/15/24,20:35:01
-204,101276,-25208,3,7,16,3,7,16,08/15/24,20:35:02
-205,101276,-25225,3,7,16,3,7,16,08/15/24,20:35:03
-205,101276,-25248,3,7,16,3,7,16,08/15/24,20:35:04
-205,101276,-25248,3,7,16,3,7,16,08/15/24,20:35:05
-204,101276,-25259,3,7,16,3,7,16,08/15/24,20:35:06
-205,101278,-25265,3,7,15,3,7,15,08/15/24,20:35:07
-205,101278,-25298,3,7,15,3,7,15,08/15/24,20:35:08
-205,101279,-25310,3,6,13,3,6,13,08/15/24,20:35:09
-205,101276,-25327,3,6,13,3,6,13,08/15/24,20:35:10
-204,101277,-25332,3,6,12,3,6,12,08/15/24,20:35:11
-208,101278,-25322,3,6,12,3,6,12,08/15/24,20:35:12
-209,101278,-25316,3,6,12,3,6,12,08/15/24,20:35:13
-211,101276,-25306,3,6,12,3,6,12,08/15/24,20:35:14
-211,101276,-25323,3,6,12,3,6,12,08/15/24,20:35:15
-209,101278,-25322,3,6,12,3,6,12,08/15/24,20:35:16
-211,101276,-25289,3,6,10,3,6,10,08/15/24,20:35:17
-211,101277,-25283,3,6,10,3,6,10,08/15/24,20:35:18
-210,101278,-25277,3,6,10,3,6,10,08/15/24,20:35:19
-210,101277,-25272,3,6,10,3,6,10,08/15/24,20:35:20
-211,101277,-25261,3,7,10,3,7,10,08/15/24,20:35:21
-209,101280,-25265,3,7,10,3,7,10,08/15/24,20:35:22
-211,101276,-25277,3,7,12,3,7,12,08/15/24,20:35:23
-213,101277,-25266,3,7,12,3,7,12,08/15/24,20:35:24
-211,101276,-25261,4,9,12,4,9,12,08/15/24,20:35:25
-213,101277,-25232,4,9,12,4,9,12,08/15/24,20:35:26
-213,101278,-25216,4,9,12,4,9,12,08/15/24,20:35:27
-214,101279,-25187,4,10,13,4,10,13,08/15/24,20:35:28
-213,101278,-25210,4,10,13,4,10,13,08/15/24,20:35:29
-213,101278,-25210,6,12,15,6,12,15,08/15/24,20:35:30
-214,101278,-25193,6,12,15,6,12,15,08/15/24,20:35:31
-215,101278,-25165,6,13,16,6,13,16,08/15/24,20:35:32
-217,101278,-25120,6,13,16,6,13,16,08/15/24,20:35:33
-218,101278,-25104,7,15,18,7,15,18,08/15/24,20:35:34
-219,101279,-25081,7,15,18,7,15,18,08/15/24,20:35:35
-220,101276,-25054,9,16,19,9,16,19,08/15/24,20:35:36
-222,101277,-25014,9,16,19,9,16,19,08/15/24,20:35:37
-223,101279,-25003,10,18,21,10,18,21,08/15/24,20:35:38
-224,101278,-24981,10,18,21,10,18,21,08/15/24,20:35:39
-223,101278,-24981,12,19,22,12,19,22,08/15/24,20:35:40
-224,101278,-24976,12,19,22,12,19,22,08/15/24,20:35:41
-224,101279,-24953,12,19,24,12,19,24,08/15/24,20:35:42
-225,101278,-24964,12,19,24,12,19,24,08/15/24,20:35:43
-225,101279,-24976,12,21,24,12,21,24,08/15/24,20:35:44
-225,101279,-24998,12,21,24,12,21,24,08/15/24,20:35:45
-225,101279,-25021,13,21,25,13,21,25,08/15/24,20:35:46
-225,101279,-25032,13,21,25,13,21,25,08/15/24,20:35:47
-225,101279,-25060,13,21,25,13,21,25,08/15/24,20:35:48
-225,101278,-25066,13,21,25,13,21,25,08/15/24,20:35:49
-227,101280,-25072,13,21,25,13,21,25,08/15/24,20:35:50
-229,101279,-25088,13,21,25,13,21,25,08/15/24,20:35:51
-230,101278,-25101,13,21,25,13,21,25,08/15/24,20:35:52
-229,101276,-25117,13,21,25,13,21,25,08/15/24,20:35:53
-230,101277,-25117,13,21,25,13,21,25,08/15/24,20:35:54
-229,101278,-25134,13,21,25,13,21,25,08/15/24,20:35:55
-229,101279,-25128,13,21,25,13,21,25,08/15/24,20:35:56
-232,101281,-25146,13,21,25,13,21,25,08/15/24,20:35:57
-233,101281,-25157,13,21,25,13,21,25,08/15/24,20:35:58
-234,101281,-25152,13,19,24,13,19,24,08/15/24,20:35:59
-237,101282,-25152,13,19,24,13,19,24,08/15/24,20:36:00
-237,101282,-25113,12,19,24,12,19,24,08/15/24,20:36:01
-236,101281,-25107,12,19,24,12,19,24,08/15/24,20:36:02
-236,101281,-25068,12,19,24,12,19,24,08/15/24,20:36:03
-236,101282,-25039,12,19,24,12,19,24,08/15/24,20:36:04
-234,101280,-25039,12,18,24,12,18,24,08/15/24,20:36:05
-233,101281,-25022,12,18,24,12,18,24,08/15/24,20:36:06
-233,101279,-25010,12,18,24,12,18,24,08/15/24,20:36:07
-236,101281,-25017,12,18,24,12,18,24,08/15/24,20:36:08
-236,101280,-25017,12,18,24,12,18,24,08/15/24,20:36:09
-237,101282,-24994,12,18,24,12,18,24,08/15/24,20:36:10
-234,101282,-25006,12,18,24,12,18,24,08/15/24,20:36:11
-237,101282,-25034,12,16,24,12,16,24,08/15/24,20:36:12
-236,101280,-25028,12,16,24,12,16,24,08/15/24,20:36:13
-236,101281,-25006,12,16,24,12,16,24,08/15/24,20:36:14
-239,101280,-25006,12,16,24,12,16,24,08/15/24,20:36:15
-242,101281,-25012,10,16,24,10,16,24,08/15/24,20:36:16
-242,101280,-25001,10,16,24,10,16,24,08/15/24,20:36:17
-241,101280,-25001,10,15,24,10,15,24,08/15/24,20:36:18
-241,101280,-25012,10,15,24,10,15,24,08/15/24,20:36:19
-242,101280,-25018,9,15,22,9,15,22,08/15/24,20:36:20
-245,101281,-25024,9,15,22,9,15,22,08/15/24,20:36:21
-246,101281,-25035,9,13,22,9,13,22,08/15/24,20:36:22
-246,101282,-25035,9,13,22,9,13,22,08/15/24,20:36:23
-243,101282,-25035,7,12,21,7,12,21,08/15/24,20:36:24
-246,101282,-25002,7,12,21,7,12,21,08/15/24,20:36:25
-247,101282,-25002,7,12,21,7,12,21,08/15/24,20:36:26
-245,101282,-25002,7,12,21,7,12,21,08/15/24,20:36:27
-246,101282,-25007,6,10,21,6,10,21,08/15/24,20:36:28
-246,101282,-25013,6,10,21,6,10,21,08/15/24,20:36:29
-247,101281,-25002,6,10,19,6,10,19,08/15/24,20:36:30
-250,101279,-24997,6,10,19,6,10,19,08/15/24,20:36:31
-250,101281,-24991,6,10,19,6,10,19,08/15/24,20:36:32
-252,101282,-24974,4,10,19,4,10,19,08/15/24,20:36:33
-252,101281,-24986,4,10,19,4,10,19,08/15/24,20:36:34
-252,101281,-24974,4,10,19,4,10,19,08/15/24,20:36:35
-251,101281,-24980,4,10,19,4,10,19,08/15/24,20:36:36
-252,101283,-24974,4,10,19,4,10,19,08/15/24,20:36:37
-252,101282,-24969,4,10,19,4,10,19,08/15/24,20:36:38
-252,101281,-24980,4,10,19,4,10,19,08/15/24,20:36:39
-252,101280,-24986,4,10,19,4,10,19,08/15/24,20:36:40
-252,101281,-24997,6,12,19,6,12,19,08/15/24,20:36:41
-252,101282,-24991,6,12,19,6,12,19,08/15/24,20:36:42
-253,101282,-25009,6,12,21,6,12,21,08/15/24,20:36:43
-253,101283,-25003,6,12,21,6,12,21,08/15/24,20:36:44
-253,101283,-24998,7,13,22,7,13,22,08/15/24,20:36:45
-252,101282,-25002,7,13,22,7,13,22,08/15/24,20:36:46
-253,101281,-25026,9,16,24,9,16,24,08/15/24,20:36:47
-252,101281,-25042,9,16,24,9,16,24,08/15/24,20:36:48
-252,101281,-25042,10,18,25,10,18,25,08/15/24,20:36:49
-253,101281,-25043,10,18,25,10,18,25,08/15/24,20:36:50
-255,101282,-25032,12,19,28,12,19,28,08/15/24,20:36:51
-257,101283,-24999,12,19,28,12,19,28,08/15/24,20:36:52
-258,101279,-24999,12,19,28,12,19,28,08/15/24,20:36:53
-260,101280,-24982,13,22,30,13,22,30,08/15/24,20:36:54
-260,101279,-24976,13,22,30,13,22,30,08/15/24,20:36:55
-260,101280,-24993,15,24,33,15,24,33,08/15/24,20:36:56
-262,101280,-24970,15,24,33,15,24,33,08/15/24,20:36:57
-262,101282,-24931,16,27,36,16,27,36,08/15/24,20:36:58
-264,101284,-24887,16,27,36,16,27,36,08/15/24,20:36:59
-265,101283,-24875,18,28,37,18,28,37,08/15/24,20:37:00
-265,101284,-24881,18,28,37,18,28,37,08/15/24,20:37:01
-265,101284,-24870,18,30,39,18,30,39,08/15/24,20:37:02
-266,101284,-24892,18,30,39,18,30,39,08/15/24,20:37:03
-266,101284,-24898,19,31,40,19,31,40,08/15/24,20:37:04
-267,101281,-24882,19,31,40,19,31,40,08/15/24,20:37:05
-266,101283,-24870,21,33,42,21,33,42,08/15/24,20:37:06
-265,101283,-24887,21,33,42,21,33,42,08/15/24,20:37:07
-266,101284,-24881,21,33,42,21,33,42,08/15/24,20:37:08
-269,101282,-24831,21,33,42,21,33,42,08/15/24,20:37:09
-270,101283,-24797,21,34,42,21,34,42,08/15/24,20:37:10
-270,101283,-24803,21,34,42,21,34,42,08/15/24,20:37:11
-270,101282,-24820,21,34,42,21,34,42,08/15/24,20:37:12
-269,101281,-24814,21,34,42,21,34,42,08/15/24,20:37:13
-270,101281,-24814,21,34,42,21,34,42,08/15/24,20:37:14
-271,101282,-24809,22,34,42,22,34,42,08/15/24,20:37:15
-271,101281,-24792,22,34,42,22,34,42,08/15/24,20:37:16
-272,101282,-24764,21,34,42,21,34,42,08/15/24,20:37:17
-272,101283,-24747,21,34,42,21,34,42,08/15/24,20:37:18
-272,101282,-24741,21,33,42,21,33,42,08/15/24,20:37:19
-272,101283,-24752,21,33,42,21,33,42,08/15/24,20:37:20
-272,101283,-24764,21,33,40,21,33,40,08/15/24,20:37:21
-271,101282,-24764,21,33,40,21,33,40,08/15/24,20:37:22
-272,101282,-24758,21,33,40,21,33,40,08/15/24,20:37:23
-276,101284,-24759,21,33,40,21,33,40,08/15/24,20:37:24
-279,101281,-24771,19,31,39,19,31,39,08/15/24,20:37:25
-276,101284,-24781,19,31,39,19,31,39,08/15/24,20:37:26
-276,101285,-24781,19,31,37,19,31,37,08/15/24,20:37:27
-276,101286,-24748,19,31,37,19,31,37,08/15/24,20:37:28
-278,101280,-24743,18,31,37,18,31,37,08/15/24,20:37:29
-276,101285,-24748,18,31,37,18,31,37,08/15/24,20:37:30
-276,101286,-24714,18,30,36,18,30,36,08/15/24,20:37:31
-276,101287,-24691,18,30,36,18,30,36,08/15/24,20:37:32
-278,101280,-24664,18,30,36,18,30,36,08/15/24,20:37:33
-279,101279,-24619,18,30,36,18,30,36,08/15/24,20:37:34
-280,101281,-24592,18,30,36,18,30,36,08/15/24,20:37:35
-279,101280,-24596,18,30,34,18,30,34,08/15/24,20:37:36
-279,101281,-24619,18,30,34,18,30,34,08/15/24,20:37:37
-280,101281,-24609,16,30,34,16,30,34,08/15/24,20:37:38
-279,101282,-24591,16,30,34,16,30,34,08/15/24,20:37:39
-280,101283,-24563,16,30,34,16,30,34,08/15/24,20:37:40
-280,101282,-24558,16,30,34,16,30,34,08/15/24,20:37:41
-281,101281,-24518,18,30,34,18,30,34,08/15/24,20:37:42
-283,101282,-24547,18,30,34,18,30,34,08/15/24,20:37:43
-284,101282,-24524,18,30,36,18,30,36,08/15/24,20:37:44
-284,101282,-24524,18,30,36,18,30,36,08/15/24,20:37:45
-284,101283,-24502,18,30,36,18,30,36,08/15/24,20:37:46
-284,101283,-24496,18,30,36,18,30,36,08/15/24,20:37:47
-284,101283,-24502,18,30,36,18,30,36,08/15/24,20:37:48
-283,101282,-24524,18,30,36,18,30,36,08/15/24,20:37:49
-283,101283,-24530,18,30,36,18,30,36,08/15/24,20:37:50
-283,101283,-24535,18,30,36,18,30,36,08/15/24,20:37:51
-281,101283,-24541,18,30,37,18,30,37,08/15/24,20:37:52
-284,101283,-24547,18,30,37,18,30,37,08/15/24,20:37:53
-284,101284,-24558,18,31,37,18,31,37,08/15/24,20:37:54
-285,101286,-24563,18,31,37,18,31,37,08/15/24,20:37:55
-285,101283,-24569,18,31,37,18,31,37,08/15/24,20:37:56
-285,101284,-24569,18,31,36,18,31,36,08/15/24,20:37:57
-284,101284,-24575,18,31,36,18,31,36,08/15/24,20:37:58
-284,101283,-24586,18,31,36,18,31,36,08/15/24,20:37:59
-284,101283,-24592,18,31,36,18,31,36,08/15/24,20:38:00
-286,101281,-24563,18,30,36,18,30,36,08/15/24,20:38:01
-286,101282,-24569,18,30,36,18,30,36,08/15/24,20:38:02
-286,101282,-24563,16,30,34,16,30,34,08/15/24,20:38:03
-286,101281,-24575,16,30,34,16,30,34,08/15/24,20:38:04
-288,101281,-24570,16,30,34,16,30,34,08/15/24,20:38:05
-289,101283,-24581,16,30,34,16,30,34,08/15/24,20:38:06
-289,101283,-24598,16,30,33,16,30,33,08/15/24,20:38:07
-288,101282,-24592,16,30,33,16,30,33,08/15/24,20:38:08
-289,101283,-24598,16,30,33,16,30,33,08/15/24,20:38:09
-290,101284,-24599,16,30,33,16,30,33,08/15/24,20:38:10
-289,101283,-24604,15,30,33,15,30,33,08/15/24,20:38:11
-289,101283,-24609,15,30,33,15,30,33,08/15/24,20:38:12
-288,101282,-24615,15,30,33,15,30,33,08/15/24,20:38:13
-288,101282,-24609,15,30,33,15,30,33,08/15/24,20:38:14
-288,101283,-24592,15,30,33,15,30,33,08/15/24,20:38:15
-289,101282,-24581,15,30,33,15,30,33,08/15/24,20:38:16
-290,101282,-24576,15,30,33,15,30,33,08/15/24,20:38:17
-290,101282,-24565,15,30,33,15,30,33,08/15/24,20:38:18
-290,101282,-24565,15,30,33,15,30,33,08/15/24,20:38:19
-289,101281,-24581,15,30,33,15,30,33,08/15/24,20:38:20
-289,101283,-24587,15,30,33,15,30,33,08/15/24,20:38:21
-293,101284,-24588,15,30,33,15,30,33,08/15/24,20:38:22
-293,101284,-24610,15,30,33,15,30,33,08/15/24,20:38:23
-293,101285,-24622,15,30,33,15,30,33,08/15/24,20:38:24
-293,101284,-24622,15,30,33,15,30,33,08/15/24,20:38:25
-292,101282,-24638,15,30,33,15,30,33,08/15/24,20:38:26
-295,101284,-24633,15,30,33,15,30,33,08/15/24,20:38:27
-294,101284,-24622,13,30,33,13,30,33,08/15/24,20:38:28
-294,101284,-24616,13,30,33,13,30,33,08/15/24,20:38:29
-293,101284,-24610,13,30,33,13,30,33,08/15/24,20:38:30
-295,101283,-24633,13,30,33,13,30,33,08/15/24,20:38:31
-295,101284,-24616,13,28,33,13,28,33,08/15/24,20:38:32
-294,101285,-24627,13,28,33,13,28,33,08/15/24,20:38:33
-295,101284,-24622,13,28,31,13,28,31,08/15/24,20:38:34
-298,101283,-24622,13,28,31,13,28,31,08/15/24,20:38:35
-297,101283,-24616,13,28,31,13,28,31,08/15/24,20:38:36
-298,101282,-24622,13,28,31,13,28,31,08/15/24,20:38:37
-297,101282,-24638,13,28,31,13,28,31,08/15/24,20:38:38
-298,101282,-24617,13,28,31,13,28,31,08/15/24,20:38:39
-299,101283,-24611,13,28,31,13,28,31,08/15/24,20:38:40
-300,101284,-24612,13,28,31,13,28,31,08/15/24,20:38:41
-299,101284,-24617,13,28,31,13,28,31,08/15/24,20:38:42
-300,101284,-24595,13,28,31,13,28,31,08/15/24,20:38:43
-300,101284,-24595,13,28,31,13,28,31,08/15/24,20:38:44
-300,101284,-24618,13,28,31,13,28,31,08/15/24,20:38:45
-300,101283,-24629,13,28,31,13,28,31,08/15/24,20:38:46
-300,101284,-24651,13,28,31,13,28,31,08/15/24,20:38:47
-300,101284,-24657,13,28,31,13,28,31,08/15/24,20:38:48
-300,101283,-24612,13,28,31,13,28,31,08/15/24,20:38:49
-300,101284,-24567,13,28,31,13,28,31,08/15/24,20:38:50
-300,101285,-24567,13,27,31,13,27,31,08/15/24,20:38:51
-302,101286,-24488,13,27,31,13,27,31,08/15/24,20:38:52
-303,101286,-24409,12,27,30,12,27,30,08/15/24,20:38:53
-303,101286,-24381,12,27,30,12,27,30,08/15/24,20:38:54
-303,101287,-24336,12,27,30,12,27,30,08/15/24,20:38:55
-305,101285,-24286,12,27,30,12,27,30,08/15/24,20:38:56
-310,101285,-24259,12,27,30,12,27,30,08/15/24,20:38:57
-309,101286,-24252,12,27,30,12,27,30,08/15/24,20:38:58
-309,101285,-24236,12,25,30,12,25,30,08/15/24,20:38:59
-310,101287,-24225,12,25,30,12,25,30,08/15/24,20:39:00
-312,101287,-24225,12,25,30,12,25,30,08/15/24,20:39:01
-313,101286,-24253,10,25,28,10,25,28,08/15/24,20:39:02
-310,101286,-24270,10,25,28,10,25,28,08/15/24,20:39:03
-313,101286,-24298,10,25,28,10,25,28,08/15/24,20:39:04
-316,101284,-24265,10,25,28,10,25,28,08/15/24,20:39:05
-317,101284,-24243,10,25,28,10,25,28,08/15/24,20:39:06
-317,101284,-24282,10,25,28,10,25,28,08/15/24,20:39:07
-317,101284,-24322,10,24,28,10,24,28,08/15/24,20:39:08
-317,101284,-24282,10,24,28,10,24,28,08/15/24,20:39:09
-318,101285,-24204,9,24,28,9,24,28,08/15/24,20:39:10
-322,101286,-24171,9,24,28,9,24,28,08/15/24,20:39:11
-322,101286,-24165,9,24,28,9,24,28,08/15/24,20:39:12
-322,101286,-24187,9,24,28,9,24,28,08/15/24,20:39:13
-322,101286,-24193,10,25,30,10,25,30,08/15/24,20:39:14
-323,101286,-24232,10,25,30,10,25,30,08/15/24,20:39:15
-323,101287,-24227,10,25,31,10,25,31,08/15/24,20:39:16
-323,101287,-24210,10,25,31,10,25,31,08/15/24,20:39:17
-323,101287,-24199,12,27,33,12,27,33,08/15/24,20:39:18
-326,101286,-24205,12,27,33,12,27,33,08/15/24,20:39:19
-323,101287,-24204,12,28,34,12,28,34,08/15/24,20:39:20
-326,101283,-24194,12,28,34,12,28,34,08/15/24,20:39:21
-327,101285,-24139,12,28,34,12,28,34,08/15/24,20:39:22
-329,101286,-24133,13,28,37,13,28,37,08/15/24,20:39:23
-328,101286,-24133,13,28,37,13,28,37,08/15/24,20:39:24
-328,101285,-24139,13,30,39,13,30,39,08/15/24,20:39:25
-328,101286,-24167,13,30,39,13,30,39,08/15/24,20:39:26
-329,101285,-24161,15,31,40,15,31,40,08/15/24,20:39:27
-329,101286,-24167,15,31,40,15,31,40,08/15/24,20:39:28
-331,101286,-24155,16,33,42,16,33,42,08/15/24,20:39:29
-333,101288,-24150,16,33,42,16,33,42,08/15/24,20:39:30
-333,101288,-24139,16,33,43,16,33,43,08/15/24,20:39:31
-333,101289,-24127,16,33,43,16,33,43,08/15/24,20:39:32
-336,101285,-24128,16,33,43,16,33,43,08/15/24,20:39:33
-335,101284,-24156,16,33,43,16,33,43,08/15/24,20:39:34
-333,101287,-24161,16,33,43,16,33,43,08/15/24,20:39:35
-332,101288,-24161,16,33,43,16,33,43,08/15/24,20:39:36
-333,101288,-24144,15,33,43,15,33,43,08/15/24,20:39:37
-333,101288,-24144,15,33,43,15,33,43,08/15/24,20:39:38
-333,101289,-24110,15,33,43,15,33,43,08/15/24,20:39:39
-335,101287,-24100,15,33,43,15,33,43,08/15/24,20:39:40
-335,101287,-24089,15,33,42,15,33,42,08/15/24,20:39:41
-336,101287,-24117,15,33,42,15,33,42,08/15/24,20:39:42
-336,101286,-24117,15,33,42,15,33,42,08/15/24,20:39:43
-337,101287,-24107,15,31,42,15,31,42,08/15/24,20:39:44
-336,101287,-24106,15,31,42,15,31,42,08/15/24,20:39:45
-337,101286,-24095,13,31,40,13,31,40,08/15/24,20:39:46
-338,101286,-24078,13,31,40,13,31,40,08/15/24,20:39:47
-340,101286,-24039,13,31,39,13,31,39,08/15/24,20:39:48
-340,101286,-24033,13,31,39,13,31,39,08/15/24,20:39:49
-338,101287,-24039,13,30,37,13,30,37,08/15/24,20:39:50
-340,101287,-24033,13,30,37,13,30,37,08/15/24,20:39:51
-340,101287,-24039,13,30,36,13,30,36,08/15/24,20:39:52
-340,101287,-24061,13,30,36,13,30,36,08/15/24,20:39:53
-340,101288,-24118,13,30,36,13,30,36,08/15/24,20:39:54
-342,101287,-24135,13,30,36,13,30,36,08/15/24,20:39:55
-342,101287,-24101,13,31,36,13,31,36,08/15/24,20:39:56
-342,101287,-24067,13,31,36,13,31,36,08/15/24,20:39:57
-343,101282,-24068,15,31,36,15,31,36,08/15/24,20:39:58
-343,101283,-24074,15,31,36,15,31,36,08/15/24,20:39:59
-341,101286,-24067,16,33,37,16,33,37,08/15/24,20:40:00
-342,101287,-24050,16,33,37,16,33,37,08/15/24,20:40:01
-341,101287,-24084,16,34,39,16,34,39,08/15/24,20:40:02
-341,101286,-24090,16,34,39,16,34,39,08/15/24,20:40:03
-343,101283,-24074,16,34,39,16,34,39,08/15/24,20:40:04
-343,101282,-24085,18,36,40,18,36,40,08/15/24,20:40:05
-343,101283,-24079,18,36,40,18,36,40,08/15/24,20:40:06
-345,101284,-24068,19,37,42,19,37,42,08/15/24,20:40:07
-345,101283,-24074,19,37,42,19,37,42,08/15/24,20:40:08
-347,101283,-24086,22,40,45,22,40,45,08/15/24,20:40:09
-346,101283,-24102,22,40,45,22,40,45,08/15/24,20:40:10
-346,101284,-24124,24,42,48,24,42,48,08/15/24,20:40:11
-347,101284,-24153,24,42,48,24,42,48,08/15/24,20:40:12
-347,101283,-24165,25,45,49,25,45,49,08/15/24,20:40:13
-346,101284,-24158,25,45,49,25,45,49,08/15/24,20:40:14
-345,101284,-24158,27,46,52,27,45,52,08/15/24,20:40:15
-347,101284,-24114,27,46,52,27,45,52,08/15/24,20:40:16
-349,101285,-24114,28,48,55,28,46,55,08/15/24,20:40:17
-349,101285,-24142,28,48,55,28,46,55,08/15/24,20:40:18
-349,101284,-24131,30,49,57,30,48,57,08/15/24,20:40:19
-351,101282,-24142,30,49,57,30,48,57,08/15/24,20:40:20
-352,101284,-24153,31,52,60,30,49,60,08/15/24,20:40:21
-351,101284,-24148,31,52,60,30,49,60,08/15/24,20:40:22
-350,101283,-24153,33,54,61,31,49,61,08/15/24,20:40:23
-350,101283,-24148,33,54,61,31,49,61,08/15/24,20:40:24
-350,101283,-24148,33,54,61,31,49,61,08/15/24,20:40:25
-350,101283,-24148,34,55,64,33,51,64,08/15/24,20:40:26
-351,101284,-24131,34,55,64,33,51,64,08/15/24,20:40:27
-352,101286,-24114,36,58,66,33,52,66,08/15/24,20:40:28
-355,101284,-24098,36,58,66,33,52,66,08/15/24,20:40:29
-356,101284,-24064,39,60,69,34,54,67,08/15/24,20:40:30
-357,101284,-24076,39,60,69,34,54,67,08/15/24,20:40:31
-356,101284,-24098,40,63,70,36,55,69,08/15/24,20:40:32
-355,101283,-24087,40,63,70,36,55,69,08/15/24,20:40:33
-354,101282,-24092,42,64,73,36,57,70,08/15/24,20:40:34
-354,101282,-24098,42,64,73,36,57,70,08/15/24,20:40:35
-352,101285,-24103,43,67,75,37,58,72,08/15/24,20:40:36
-352,101286,-24108,43,67,75,37,58,72,08/15/24,20:40:37
-352,101283,-24119,45,70,76,39,60,73,08/15/24,20:40:38
-354,101281,-24109,45,70,76,39,60,73,08/15/24,20:40:39
-354,101282,-24109,48,72,79,40,60,75,08/15/24,20:40:40
-356,101284,-24081,48,72,79,40,60,75,08/15/24,20:40:41
-357,101285,-24076,49,73,81,40,61,75,08/15/24,20:40:42
-357,101284,-24082,49,73,81,40,61,75,08/15/24,20:40:43
-357,101284,-24082,51,75,82,42,61,76,08/15/24,20:40:44
-357,101283,-24087,51,75,82,42,61,76,08/15/24,20:40:45
-356,101284,-24053,51,75,82,42,61,76,08/15/24,20:40:46
-356,101283,-24036,51,76,84,42,63,78,08/15/24,20:40:47
-355,101283,-24025,51,76,84,42,63,78,08/15/24,20:40:48
-352,101285,-24046,52,78,84,42,63,78,08/15/24,20:40:49
-351,101284,-24041,52,78,84,42,63,78,08/15/24,20:40:50
-354,101281,-24019,52,78,85,42,63,78,08/15/24,20:40:51
-354,101282,-24019,52,78,85,42,63,78,08/15/24,20:40:52
-355,101281,-24019,52,79,87,42,64,79,08/15/24,20:40:53
-354,101282,-24025,52,79,87,42,64,79,08/15/24,20:40:54
-354,101282,-24019,54,79,87,42,64,79,08/15/24,20:40:55
-352,101284,-24041,54,79,87,42,64,79,08/15/24,20:40:56
-355,101282,-24042,54,79,88,42,64,79,08/15/24,20:40:57
-356,101283,-24047,54,79,88,42,64,79,08/15/24,20:40:58
-356,101284,-24058,54,79,88,42,64,79,08/15/24,20:40:59
-356,101284,-24070,54,79,88,42,64,79,08/15/24,20:41:00
-355,101284,-24092,52,78,88,42,63,79,08/15/24,20:41:01
-356,101282,-24115,52,78,88,42,63,79,08/15/24,20:41:02
-357,101282,-24116,52,76,88,42,63,79,08/15/24,20:41:03
-356,101283,-24120,52,76,88,42,63,79,08/15/24,20:41:04
-357,101283,-24132,51,76,87,42,63,79,08/15/24,20:41:05
-359,101283,-24144,51,76,87,42,63,79,08/15/24,20:41:06
-359,101283,-24144,49,73,85,40,61,78,08/15/24,20:41:07
-359,101284,-24161,49,73,85,40,61,78,08/15/24,20:41:08
-359,101285,-24183,49,73,85,40,61,78,08/15/24,20:41:09
-360,101285,-24189,48,72,85,40,60,78,08/15/24,20:41:10
-360,101284,-24206,48,72,85,40,60,78,08/15/24,20:41:11
-362,101284,-24195,48,70,84,40,60,78,08/15/24,20:41:12
-361,101285,-24184,48,70,84,40,60,78,08/15/24,20:41:13
-361,101286,-24190,46,69,81,39,58,75,08/15/24,20:41:14
-361,101285,-24173,46,69,81,39,58,75,08/15/24,20:41:15
-361,101286,-24195,45,67,79,39,58,75,08/15/24,20:41:16
-364,101283,-24190,45,67,79,39,58,75,08/15/24,20:41:17
-362,101285,-24190,43,66,78,37,57,73,08/15/24,20:41:18
-364,101282,-24190,43,66,78,37,57,73,08/15/24,20:41:19
-362,101284,-24167,42,64,76,36,57,73,08/15/24,20:41:20
-362,101286,-24167,42,64,76,36,57,73,08/15/24,20:41:21
-364,101283,-24133,40,63,75,36,55,72,08/15/24,20:41:22
-364,101282,-24139,40,63,75,36,55,72,08/15/24,20:41:23
-362,101285,-24139,39,61,73,34,54,70,08/15/24,20:41:24
-362,101286,-24133,39,61,73,34,54,70,08/15/24,20:41:25
-362,101285,-24133,39,60,72,34,54,70,08/15/24,20:41:26
-362,101285,-24139,39,60,72,34,54,70,08/15/24,20:41:27
-364,101283,-24145,37,58,70,34,52,69,08/15/24,20:41:28
-364,101283,-24167,37,58,70,34,52,69,08/15/24,20:41:29
-365,101283,-24167,37,58,70,34,52,69,08/15/24,20:41:30
-365,101283,-24173,36,57,69,33,52,67,08/15/24,20:41:31
-364,101283,-24167,36,57,69,33,52,67,08/15/24,20:41:32
-364,101284,-24167,34,55,67,33,51,67,08/15/24,20:41:33
-364,101283,-24167,34,55,67,33,51,67,08/15/24,20:41:34
-362,101286,-24167,34,54,66,33,49,66,08/15/24,20:41:35
-364,101284,-24167,34,54,66,33,49,66,08/15/24,20:41:36
-364,101282,-24178,33,52,63,31,49,63,08/15/24,20:41:37
-364,101282,-24207,33,52,63,31,49,63,08/15/24,20:41:38
-364,101283,-24218,31,51,61,30,48,61,08/15/24,20:41:39
-365,101283,-24212,31,51,61,30,48,61,08/15/24,20:41:40
-365,101284,-24173,30,48,60,30,46,60,08/15/24,20:41:41
-366,101284,-24128,30,48,60,30,46,60,08/15/24,20:41:42
-366,101285,-24128,28,46,58,28,45,58,08/15/24,20:41:43
-366,101283,-24116,28,46,58,28,45,58,08/15/24,20:41:44
-368,101284,-24106,28,45,57,28,45,57,08/15/24,20:41:45
-368,101284,-24207,24,39,51,24,39,51,08/15/24,20:42:01
-368,101285,-24213,24,37,51,24,37,51,08/15/24,20:42:01
-366,101284,-24218,24,37,51,24,37,51,08/15/24,20:42:01
-364,101283,-24223,22,36,49,22,36,49,08/15/24,20:42:02
-361,101285,-24229,22,36,49,22,36,49,08/15/24,20:42:03
-361,101285,-24246,22,36,48,22,36,48,08/15/24,20:42:04
-361,101285,-24240,22,36,48,22,36,48,08/15/24,20:42:05
-359,101285,-24245,21,34,46,21,34,46,08/15/24,20:42:06
-360,101284,-24256,21,34,46,21,34,46,08/15/24,20:42:07
-357,101283,-24251,21,33,45,21,33,45,08/15/24,20:42:08
-356,101283,-24255,21,33,45,21,33,45,08/15/24,20:42:09
-356,101284,-24250,19,31,43,19,31,43,08/15/24,20:42:10
-355,101282,-24267,19,31,43,19,31,43,08/15/24,20:42:11
-354,101282,-24267,19,31,43,19,31,43,08/15/24,20:42:12
-354,101283,-24267,18,31,42,18,31,42,08/15/24,20:42:13
-354,101283,-24267,18,31,42,18,31,42,08/15/24,20:42:14
-354,101282,-24250,18,30,40,18,30,40,08/15/24,20:42:15
-354,101283,-24222,18,30,40,18,30,40,08/15/24,20:42:16
